sample_id,split,frame0_mean,frame0_std,frame0_min,frame0_max,frame1_mean,frame1_std,frame1_min,frame1_max,frame2_mean,frame2_std,frame2_min,frame2_max,frame3_mean,frame3_std,frame3_min,frame3_max,humidity_pct
school_sky_784ea236d209,train,0.15541934967041016,0.5310043692588806,0.0,6.325745582580566,0.15739241242408752,0.5303620100021362,0.0,6.29539680480957,0.15618500113487244,0.5279198884963989,0.0,6.370874404907227,0.15610358119010925,0.5248112082481384,0.0,6.184675216674805,96.0
school_sky_8f2e29ff5b10,train,0.15778133273124695,0.5349907279014587,0.0,6.311651706695557,0.15770481526851654,0.5326526761054993,0.0,6.321120738983154,0.15318351984024048,0.5255743265151978,0.0,6.301889896392822,0.1530378758907318,0.5256496071815491,0.0,6.23675012588501,96.0
school_sky_3a4123aaaad8,train,0.15373167395591736,0.5265625715255737,0.0,6.33071756362915,0.1541232466697693,0.5284857153892517,0.0,6.232125282287598,0.15395665168762207,0.5289247632026672,0.0,6.322533130645752,0.15642879903316498,0.5312964916229248,0.0,6.286900997161865,96.0
school_sky_f2be7e1cc3c0,train,0.1553899645805359,0.5299180150032043,0.0,6.26472806930542,0.15488331019878387,0.5262319445610046,0.0,6.121744632720947,0.15304578840732574,0.5229982137680054,0.0,6.179539203643799,0.15877480804920197,0.5329709053039551,0.0,6.250077724456787,96.0
school_sky_565cb58526ae,train,0.15739241242408752,0.5303620100021362,0.0,6.29539680480957,0.15618500113487244,0.5279198884963989,0.0,6.370874404907227,0.15610358119010925,0.5248112082481384,0.0,6.184675216674805,0.15383672714233398,0.521432638168335,0.0,5.9314398765563965,96.0
school_sky_03ad1991de59,train,0.1541232466697693,0.5284857153892517,0.0,6.232125282287598,0.15395665168762207,0.5289247632026672,0.0,6.322533130645752,0.15642879903316498,0.5312964916229248,0.0,6.286900997161865,0.17194536328315735,0.4582626223564148,0.0,4.943634986877441,95.0
school_sky_81fffa668b2c,train,0.15520404279232025,0.5277985334396362,0.0,6.142205715179443,0.1578790545463562,0.5285055637359619,0.0,6.292695999145508,0.15631230175495148,0.5345433354377747,0.0,6.238712310791016,0.28399398922920227,0.4577019214630127,0.0,3.6454293727874756,95.0
school_sky_0eb4c174b7ef,train,0.15488331019878387,0.5262319445610046,0.0,6.121744632720947,0.15304578840732574,0.5229982137680054,0.0,6.179539203643799,0.15877480804920197,0.5329709053039551,0.0,6.250077724456787,0.3569673001766205,0.5097033977508545,0.0,4.917050361633301,96.0
school_sky_c8a719456837,train,0.1562618613243103,0.5338087677955627,0.0,6.374943733215332,0.15467259287834167,0.5341046452522278,0.0,6.377560138702393,0.14061926305294037,0.49125936627388,0.0,5.70790433883667,0.3914446234703064,0.5511738061904907,0.0,4.5927276611328125,95.0
school_sky_d8bacf226890,train,0.15395665168762207,0.5289247632026672,0.0,6.322533130645752,0.15642879903316498,0.5312964916229248,0.0,6.286900997161865,0.17194536328315735,0.4582626223564148,0.0,4.943634986877441,0.4531126022338867,0.5325552225112915,0.0,4.344841003417969,95.0
school_sky_f82201e64e82,train,0.1578790545463562,0.5285055637359619,0.0,6.292695999145508,0.15631230175495148,0.5345433354377747,0.0,6.238712310791016,0.28399398922920227,0.4577019214630127,0.0,3.6454293727874756,0.38666442036628723,0.5606117248535156,0.0,4.841158866882324,95.0
school_sky_19274922939b,train,0.15304578840732574,0.5229982137680054,0.0,6.179539203643799,0.15877480804920197,0.5329709053039551,0.0,6.250077724456787,0.3569673001766205,0.5097033977508545,0.0,4.917050361633301,0.3120511770248413,0.44337400794029236,0.0,3.4555938243865967,95.0
school_sky_ce5e42f10c8d,train,0.15450988709926605,0.5279759168624878,0.0,6.293047904968262,0.15656328201293945,0.534295380115509,0.0,6.34506893157959,0.38587507605552673,0.5325074195861816,0.0,4.88679838180542,0.3267822265625,0.5468550324440002,0.0,5.758626937866211,94.0
school_sky_ebb0f2fe325c,train,0.15649163722991943,0.530102550983429,0.0,6.250492095947266,0.15862791240215302,0.5364983081817627,0.0,6.307981014251709,0.38662490248680115,0.4683256447315216,0.0,4.080304145812988,0.4125068187713623,0.580379843711853,0.0,6.050449371337891,94.0
school_sky_08b68efbac6e,train,0.15467259287834167,0.5341046452522278,0.0,6.377560138702393,0.14061926305294037,0.49125936627388,0.0,5.70790433883667,0.3914446234703064,0.5511738061904907,0.0,4.5927276611328125,0.34294986724853516,0.5331451892852783,0.0,4.393314361572266,94.0
school_sky_a6a1a1fbe852,train,0.15642879903316498,0.5312964916229248,0.0,6.286900997161865,0.17194536328315735,0.4582626223564148,0.0,4.943634986877441,0.4531126022338867,0.5325552225112915,0.0,4.344841003417969,0.3019806146621704,0.47903013229370117,0.0,3.648232936859131,93.0
school_sky_961b562a9b2e,train,0.15631230175495148,0.5345433354377747,0.0,6.238712310791016,0.28399398922920227,0.4577019214630127,0.0,3.6454293727874756,0.38666442036628723,0.5606117248535156,0.0,4.841158866882324,0.3567473292350769,0.5485537052154541,0.0,4.205684661865234,94.0
school_sky_e22b75c28bd8,train,0.15877480804920197,0.5329709053039551,0.0,6.250077724456787,0.3569673001766205,0.5097033977508545,0.0,4.917050361633301,0.3120511770248413,0.44337400794029236,0.0,3.4555938243865967,0.3621463179588318,0.519121527671814,0.0,4.072566509246826,92.0
school_sky_fe9ad995f340,train,0.15761730074882507,0.525916337966919,0.0,6.191472053527832,0.41427871584892273,0.545295774936676,0.0,4.598215579986572,0.46353650093078613,0.5806252956390381,0.0,5.605953216552734,0.46393802762031555,0.6019507050514221,0.0,6.137633323669434,90.0
school_sky_6e29e7c644c8,train,0.15383672714233398,0.521432638168335,0.0,5.9314398765563965,0.41483747959136963,0.5320409536361694,0.0,3.7382020950317383,0.5233553051948547,0.6577134132385254,0.0,4.845096588134766,0.5058020353317261,0.6320309638977051,0.0,6.453070640563965,90.0
school_sky_69daccc2339c,train,0.14061926305294037,0.49125936627388,0.0,5.70790433883667,0.3914446234703064,0.5511738061904907,0.0,4.5927276611328125,0.34294986724853516,0.5331451892852783,0.0,4.393314361572266,0.4518589973449707,0.5629269480705261,0.0,5.772335052490234,86.0
school_sky_d605fcca1b0a,train,0.28399398922920227,0.4577019214630127,0.0,3.6454293727874756,0.38666442036628723,0.5606117248535156,0.0,4.841158866882324,0.3567473292350769,0.5485537052154541,0.0,4.205684661865234,0.47780269384384155,0.560391902923584,0.0,5.771934986114502,85.0
school_sky_6e7620a11985,train,0.39398425817489624,0.489112913608551,0.0,4.391638278961182,0.3654588460922241,0.5090326070785522,0.0,4.257891654968262,0.3528362810611725,0.5609108209609985,0.0,4.793747901916504,0.42315948009490967,0.529358446598053,0.0,5.872257709503174,84.0
school_sky_b44cf32a2aaf,train,0.3569673001766205,0.5097033977508545,0.0,4.917050361633301,0.3120511770248413,0.44337400794029236,0.0,3.4555938243865967,0.3621463179588318,0.519121527671814,0.0,4.072566509246826,0.43051597476005554,0.5596458911895752,0.0,5.814886569976807,85.0
school_sky_404ca2e62b7f,train,0.41427871584892273,0.545295774936676,0.0,4.598215579986572,0.46353650093078613,0.5806252956390381,0.0,5.605953216552734,0.46393802762031555,0.6019507050514221,0.0,6.137633323669434,0.49056726694107056,0.5979443788528442,0.0,6.187303066253662,79.0
school_sky_a460243e96fa,train,0.3928932547569275,0.5262065529823303,0.0,4.465653896331787,0.38487350940704346,0.5035902857780457,0.0,5.049080848693848,0.43934503197669983,0.6088433265686035,0.0,5.7936787605285645,0.4328908324241638,0.5767308473587036,0.0,6.638179779052734,88.0
school_sky_657103901572,train,0.4023410975933075,0.5012803077697754,0.0,3.646448850631714,0.4411354660987854,0.5505785346031189,0.0,4.005059719085693,0.5240238308906555,0.6373660564422607,0.0,6.479331970214844,0.5066758394241333,0.6330355405807495,0.0,6.457330226898193,79.0
school_sky_8a856be4c40b,train,0.38666442036628723,0.5606117248535156,0.0,4.841158866882324,0.3567473292350769,0.5485537052154541,0.0,4.205684661865234,0.47780269384384155,0.560391902923584,0.0,5.771934986114502,0.41874462366104126,0.5167757868766785,0.0,4.027354717254639,78.0
school_sky_dfd930da2d74,train,0.34695249795913696,0.5595604777336121,0.0,4.8997697830200195,0.47199705243110657,0.6078399419784546,0.0,5.497226715087891,0.40771734714508057,0.49577537178993225,0.0,3.4895248413085938,0.39229869842529297,0.5309985280036926,0.0,5.6885151863098145,75.0
school_sky_712ff67d237e,train,0.3267822265625,0.5468550324440002,0.0,5.758626937866211,0.3624941110610962,0.5636376142501831,0.0,4.176748275756836,0.5083998441696167,0.6175051927566528,0.0,5.71635103225708,0.4175184369087219,0.5436049699783325,0.0,5.143599510192871,75.0
school_sky_959df3435862,train,0.46353650093078613,0.5806252956390381,0.0,5.605953216552734,0.46393802762031555,0.6019507050514221,0.0,6.137633323669434,0.49056726694107056,0.5979443788528442,0.0,6.187303066253662,0.4585725963115692,0.4759882986545563,0.0,3.1073689460754395,75.0
school_sky_265474d33c43,train,0.4125068187713623,0.580379843711853,0.0,6.050449371337891,0.3917790353298187,0.5917183756828308,0.0,4.736794948577881,0.4652520418167114,0.6469011902809143,0.0,6.501359939575195,0.4315999746322632,0.5065476298332214,0.0,3.4434375762939453,75.0
school_sky_a3249071883b,train,0.4411354660987854,0.5505785346031189,0.0,4.005059719085693,0.5240238308906555,0.6373660564422607,0.0,6.479331970214844,0.5066758394241333,0.6330355405807495,0.0,6.457330226898193,0.3869403898715973,0.5990504026412964,0.0,6.169647693634033,72.0
school_sky_866e78a1b5f7,train,0.34294986724853516,0.5331451892852783,0.0,4.393314361572266,0.4518589973449707,0.5629269480705261,0.0,5.772335052490234,0.5553966760635376,0.5825008153915405,0.0,4.4011688232421875,0.5225859880447388,0.7672629952430725,0.0,8.68021297454834,72.0
school_sky_9b766b195a79,train,0.3567473292350769,0.5485537052154541,0.0,4.205684661865234,0.47780269384384155,0.560391902923584,0.0,5.771934986114502,0.41874462366104126,0.5167757868766785,0.0,4.027354717254639,0.34907498955726624,0.593704104423523,0.0,5.482882022857666,73.0
school_sky_e590b1c84f5a,train,0.3621463179588318,0.519121527671814,0.0,4.072566509246826,0.43051597476005554,0.5596458911895752,0.0,5.814886569976807,0.4403185248374939,0.6032098531723022,0.0,6.449723243713379,0.3540305495262146,0.6074073314666748,0.0,7.147040367126465,70.0
school_sky_17df4151d676,train,0.47199705243110657,0.6078399419784546,0.0,5.497226715087891,0.40771734714508057,0.49577537178993225,0.0,3.4895248413085938,0.39229869842529297,0.5309985280036926,0.0,5.6885151863098145,0.40760326385498047,0.5839252471923828,0.0,6.171195983886719,72.0
school_sky_189b58df856f,train,0.46393802762031555,0.6019507050514221,0.0,6.137633323669434,0.49056726694107056,0.5979443788528442,0.0,6.187303066253662,0.4585725963115692,0.4759882986545563,0.0,3.1073689460754395,0.40882840752601624,0.5601904392242432,0.0,4.734048366546631,70.0
school_sky_83bbba0de8d0,train,0.3917790353298187,0.5917183756828308,0.0,4.736794948577881,0.4652520418167114,0.6469011902809143,0.0,6.501359939575195,0.4315999746322632,0.5065476298332214,0.0,3.4434375762939453,0.406196653842926,0.5466903448104858,0.0,5.14159631729126,70.0
school_sky_fb9d94b90c8d,train,0.43934503197669983,0.6088433265686035,0.0,5.7936787605285645,0.4328908324241638,0.5767308473587036,0.0,6.638179779052734,0.3876616358757019,0.5221074819564819,0.0,3.54852294921875,0.38120606541633606,0.6546241044998169,0.0,7.169905662536621,70.0
school_sky_0f3e32707088,train,0.4518589973449707,0.5629269480705261,0.0,5.772335052490234,0.5553966760635376,0.5825008153915405,0.0,4.4011688232421875,0.5225859880447388,0.7672629952430725,0.0,8.68021297454834,0.5599675178527832,0.6425264477729797,0.0,4.489694118499756,70.0
school_sky_76b21802bad9,train,0.47780269384384155,0.560391902923584,0.0,5.771934986114502,0.41874462366104126,0.5167757868766785,0.0,4.027354717254639,0.34907498955726624,0.593704104423523,0.0,5.482882022857666,0.49134984612464905,0.571462094783783,0.0,5.009843826293945,69.0
school_sky_c79eb068a4bf,train,0.43051597476005554,0.5596458911895752,0.0,5.814886569976807,0.4403185248374939,0.6032098531723022,0.0,6.449723243713379,0.3540305495262146,0.6074073314666748,0.0,7.147040367126465,0.5145652294158936,0.6050528287887573,0.0,5.068136692047119,70.0
school_sky_ab68eeafc9d6,train,0.40771734714508057,0.49577537178993225,0.0,3.4895248413085938,0.39229869842529297,0.5309985280036926,0.0,5.6885151863098145,0.40760326385498047,0.5839252471923828,0.0,6.171195983886719,0.6231012940406799,0.6985180974006653,0.0,4.816551208496094,70.0
school_sky_afc9eb2b3404,train,0.4652520418167114,0.6469011902809143,0.0,6.501359939575195,0.4315999746322632,0.5065476298332214,0.0,3.4434375762939453,0.406196653842926,0.5466903448104858,0.0,5.14159631729126,0.4617677927017212,0.6248559355735779,0.0,7.189111709594727,70.0
school_sky_7508b5b6be62,train,0.4328908324241638,0.5767308473587036,0.0,6.638179779052734,0.3876616358757019,0.5221074819564819,0.0,3.54852294921875,0.38120606541633606,0.6546241044998169,0.0,7.169905662536621,0.5571368336677551,0.5825718641281128,0.0,3.826404094696045,69.0
school_sky_248484292cab,train,0.5553966760635376,0.5825008153915405,0.0,4.4011688232421875,0.5225859880447388,0.7672629952430725,0.0,8.68021297454834,0.5599675178527832,0.6425264477729797,0.0,4.489694118499756,0.613579273223877,0.6634352803230286,0.0,4.175166606903076,70.0
school_sky_f2b09ab03a2f,train,0.41874462366104126,0.5167757868766785,0.0,4.027354717254639,0.34907498955726624,0.593704104423523,0.0,5.482882022857666,0.49134984612464905,0.571462094783783,0.0,5.009843826293945,0.4213007092475891,0.570443332195282,0.0,5.574990272521973,68.0
school_sky_03d957f1fe29,train,0.4403185248374939,0.6032098531723022,0.0,6.449723243713379,0.3540305495262146,0.6074073314666748,0.0,7.147040367126465,0.5145652294158936,0.6050528287887573,0.0,5.068136692047119,0.5080100893974304,0.6423231959342957,0.0,4.748192310333252,70.0
school_sky_0487405c5bb2,train,0.39229869842529297,0.5309985280036926,0.0,5.6885151863098145,0.40760326385498047,0.5839252471923828,0.0,6.171195983886719,0.6231012940406799,0.6985180974006653,0.0,4.816551208496094,0.5614150762557983,0.6343229413032532,0.0,3.742274045944214,69.0
school_sky_2c40faeb04f2,train,0.4175184369087219,0.5436049699783325,0.0,5.143599510192871,0.45101216435432434,0.6668712496757507,0.0,7.907979488372803,0.6119669675827026,0.6748809814453125,0.0,3.998002767562866,0.5700241327285767,0.6532314419746399,0.0,3.9327690601348877,67.0
school_sky_8517da5895ef,train,0.4315999746322632,0.5065476298332214,0.0,3.4434375762939453,0.406196653842926,0.5466903448104858,0.0,5.14159631729126,0.4617677927017212,0.6248559355735779,0.0,7.189111709594727,0.4140211343765259,0.570095956325531,0.0,5.785818576812744,70.0
school_sky_6586d7cc88d2,train,0.3876616358757019,0.5221074819564819,0.0,3.54852294921875,0.38120606541633606,0.6546241044998169,0.0,7.169905662536621,0.5571368336677551,0.5825718641281128,0.0,3.826404094696045,0.5099478960037231,0.6062813401222229,0.0,3.870792865753174,67.0
school_sky_f11abc37b684,train,0.5225859880447388,0.7672629952430725,0.0,8.68021297454834,0.5599675178527832,0.6425264477729797,0.0,4.489694118499756,0.613579273223877,0.6634352803230286,0.0,4.175166606903076,0.4625471830368042,0.5747242569923401,0.0,4.417823791503906,67.0
school_sky_dfdad6881292,train,0.3196481466293335,0.5234822630882263,0.0,4.800352096557617,0.3698219656944275,0.6083094477653503,0.0,6.930959224700928,0.6302858591079712,0.6990861892700195,0.0,4.622404098510742,0.552780270576477,0.5812665224075317,0.0,4.255784034729004,67.0
school_sky_21c95f697b0e,train,0.34907498955726624,0.593704104423523,0.0,5.482882022857666,0.49134984612464905,0.571462094783783,0.0,5.009843826293945,0.4213007092475891,0.570443332195282,0.0,5.574990272521973,0.4162091612815857,0.49912309646606445,0.0,3.950573682785034,65.0
school_sky_c5896c1afb13,train,0.3540305495262146,0.6074073314666748,0.0,7.147040367126465,0.5145652294158936,0.6050528287887573,0.0,5.068136692047119,0.5080100893974304,0.6423231959342957,0.0,4.748192310333252,0.39834684133529663,0.5201515555381775,0.0,4.102675914764404,66.0
school_sky_7f47d0d73c9d,train,0.40760326385498047,0.5839252471923828,0.0,6.171195983886719,0.6231012940406799,0.6985180974006653,0.0,4.816551208496094,0.5614150762557983,0.6343229413032532,0.0,3.742274045944214,0.40437641739845276,0.50409996509552,0.0,3.8315441608428955,65.0
school_sky_93e9f610b1ad,train,0.45101216435432434,0.6668712496757507,0.0,7.907979488372803,0.6119669675827026,0.6748809814453125,0.0,3.998002767562866,0.5700241327285767,0.6532314419746399,0.0,3.9327690601348877,0.40001219511032104,0.5079824328422546,0.0,3.965562582015991,66.0
school_sky_99dbb69d4fa5,train,0.38120606541633606,0.6546241044998169,0.0,7.169905662536621,0.5571368336677551,0.5825718641281128,0.0,3.826404094696045,0.5099478960037231,0.6062813401222229,0.0,3.870792865753174,0.4032090902328491,0.49062636494636536,0.0,3.6859853267669678,65.0
school_sky_a60727126692,train,0.5599675178527832,0.6425264477729797,0.0,4.489694118499756,0.613579273223877,0.6634352803230286,0.0,4.175166606903076,0.4625471830368042,0.5747242569923401,0.0,4.417823791503906,0.5278152227401733,0.5790683627128601,0.0,4.613452434539795,65.0
school_sky_899f35b1a5e1,train,0.3698219656944275,0.6083094477653503,0.0,6.930959224700928,0.6302858591079712,0.6990861892700195,0.0,4.622404098510742,0.552780270576477,0.5812665224075317,0.0,4.255784034729004,0.35377147793769836,0.47980865836143494,0.0,3.9140748977661133,65.0
school_sky_32b7851f1e4c,train,0.49134984612464905,0.571462094783783,0.0,5.009843826293945,0.4213007092475891,0.570443332195282,0.0,5.574990272521973,0.4162091612815857,0.49912309646606445,0.0,3.950573682785034,0.33212003111839294,0.4642629325389862,0.0,3.8831686973571777,67.0
school_sky_be4848e38080,train,0.6119669675827026,0.6748809814453125,0.0,3.998002767562866,0.5700241327285767,0.6532314419746399,0.0,3.9327690601348877,0.40001219511032104,0.5079824328422546,0.0,3.965562582015991,0.3257899284362793,0.4679000973701477,0.0,4.062865257263184,67.0
school_sky_388deed74633,train,0.6278393268585205,0.6821523308753967,0.0,5.393565654754639,0.4596768915653229,0.6028310060501099,0.0,5.284234523773193,0.3824285566806793,0.4893803298473358,0.0,3.7612571716308594,0.3148408532142639,0.4636344313621521,0.0,4.165863037109375,67.0
school_sky_13f1b0a91d1a,train,0.5571368336677551,0.5825718641281128,0.0,3.826404094696045,0.5099478960037231,0.6062813401222229,0.0,3.870792865753174,0.4032090902328491,0.49062636494636536,0.0,3.6859853267669678,0.29024022817611694,0.47038546204566956,0.0,4.738641262054443,67.0
school_sky_d4e38dbc8f91,train,0.40090227127075195,0.5058159828186035,0.0,4.719686508178711,0.5115648508071899,0.6390223503112793,0.0,4.046458721160889,0.41563206911087036,0.5078756809234619,0.0,3.8543033599853516,0.30091410875320435,0.48297572135925293,0.0,5.0430121421813965,67.0
school_sky_31ad875c497b,train,0.5890864729881287,0.6610248684883118,0.0,5.350334167480469,0.378423810005188,0.5479714870452881,0.0,4.864808082580566,0.3999963402748108,0.500190794467926,0.0,3.914921283721924,0.31693220138549805,0.477592796087265,0.0,5.051567554473877,67.0
school_sky_68a5036e8f10,train,0.6302858591079712,0.6990861892700195,0.0,4.622404098510742,0.552780270576477,0.5812665224075317,0.0,4.255784034729004,0.35377147793769836,0.47980865836143494,0.0,3.9140748977661133,0.310841828584671,0.4811936914920807,0.0,5.1817522048950195,67.0
school_sky_978d6c32e9dc,train,0.4213007092475891,0.570443332195282,0.0,5.574990272521973,0.4162091612815857,0.49912309646606445,0.0,3.950573682785034,0.33212003111839294,0.4642629325389862,0.0,3.8831686973571777,0.32283008098602295,0.5114727020263672,0.0,5.3380537033081055,68.0
school_sky_16f179d847eb,train,0.5700241327285767,0.6532314419746399,0.0,3.9327690601348877,0.40001219511032104,0.5079824328422546,0.0,3.965562582015991,0.3257899284362793,0.4679000973701477,0.0,4.062865257263184,0.254669725894928,0.5106937885284424,0.0,5.700148582458496,68.0
school_sky_0128fdd60017,train,0.4596768915653229,0.6028310060501099,0.0,5.284234523773193,0.3824285566806793,0.4893803298473358,0.0,3.7612571716308594,0.3148408532142639,0.4636344313621521,0.0,4.165863037109375,0.2272326648235321,0.49846282601356506,0.0,5.783383846282959,67.0
school_sky_c110bb1fce41,train,0.4140211343765259,0.570095956325531,0.0,5.785818576812744,0.4013558030128479,0.4956195056438446,0.0,3.719129800796509,0.31931179761886597,0.4717705547809601,0.0,4.2804484367370605,0.23250184953212738,0.5121862292289734,0.0,5.931210041046143,68.0
school_sky_a9c680c9560b,train,0.5099478960037231,0.6062813401222229,0.0,3.870792865753174,0.4032090902328491,0.49062636494636536,0.0,3.6859853267669678,0.29024022817611694,0.47038546204566956,0.0,4.738641262054443,0.2301177978515625,0.5098386406898499,0.0,5.725698947906494,68.0
school_sky_a52de73958b5,train,0.5115648508071899,0.6390223503112793,0.0,4.046458721160889,0.41563206911087036,0.5078756809234619,0.0,3.8543033599853516,0.30091410875320435,0.48297572135925293,0.0,5.0430121421813965,0.2396874725818634,0.5130491852760315,0.0,5.950962543487549,67.0
school_sky_b7f63d210863,train,0.378423810005188,0.5479714870452881,0.0,4.864808082580566,0.3999963402748108,0.500190794467926,0.0,3.914921283721924,0.31693220138549805,0.477592796087265,0.0,5.051567554473877,0.23311176896095276,0.49758461117744446,0.0,5.771555423736572,67.0
school_sky_721091860b46,train,0.4162091612815857,0.49912309646606445,0.0,3.950573682785034,0.33212003111839294,0.4642629325389862,0.0,3.8831686973571777,0.32283008098602295,0.5114727020263672,0.0,5.3380537033081055,0.21955204010009766,0.5254833698272705,0.0,5.801412105560303,67.0
school_sky_7aa39e61d447,train,0.40001219511032104,0.5079824328422546,0.0,3.965562582015991,0.3257899284362793,0.4679000973701477,0.0,4.062865257263184,0.254669725894928,0.5106937885284424,0.0,5.700148582458496,0.2178981602191925,0.4850625991821289,0.0,5.566479682922363,68.0
school_sky_b438ba4db1ae,train,0.3824285566806793,0.4893803298473358,0.0,3.7612571716308594,0.3148408532142639,0.4636344313621521,0.0,4.165863037109375,0.2272326648235321,0.49846282601356506,0.0,5.783383846282959,0.20518147945404053,0.4972028136253357,0.0,5.479452133178711,68.0
school_sky_a3096ddcfe0b,train,0.4013558030128479,0.4956195056438446,0.0,3.719129800796509,0.31931179761886597,0.4717705547809601,0.0,4.2804484367370605,0.23250184953212738,0.5121862292289734,0.0,5.931210041046143,0.2046743929386139,0.5380370020866394,0.0,5.830050468444824,68.0
school_sky_bd9da12e37d5,train,0.4032090902328491,0.49062636494636536,0.0,3.6859853267669678,0.29024022817611694,0.47038546204566956,0.0,4.738641262054443,0.2301177978515625,0.5098386406898499,0.0,5.725698947906494,0.2006104588508606,0.51744544506073,0.0,5.615113258361816,68.0
school_sky_ae28a28e3cc5,train,0.41563206911087036,0.5078756809234619,0.0,3.8543033599853516,0.30091410875320435,0.48297572135925293,0.0,5.0430121421813965,0.2396874725818634,0.5130491852760315,0.0,5.950962543487549,0.2079046666622162,0.5307849049568176,0.0,5.517035961151123,67.0
school_sky_3c9174e6b05f,train,0.3999963402748108,0.500190794467926,0.0,3.914921283721924,0.31693220138549805,0.477592796087265,0.0,5.051567554473877,0.23311176896095276,0.49758461117744446,0.0,5.771555423736572,0.20751038193702698,0.517366886138916,0.0,5.7079854011535645,68.0
school_sky_8d9a253fa992,train,0.33212003111839294,0.4642629325389862,0.0,3.8831686973571777,0.32283008098602295,0.5114727020263672,0.0,5.3380537033081055,0.21955204010009766,0.5254833698272705,0.0,5.801412105560303,0.20167186856269836,0.5323947668075562,0.0,5.622193336486816,70.0
school_sky_2c1399a79f68,train,0.34620773792266846,0.471841961145401,0.0,3.934701681137085,0.24940639734268188,0.49124982953071594,0.0,5.8402509689331055,0.23055699467658997,0.505557119846344,0.0,5.621469020843506,0.21277600526809692,0.5393417477607727,0.0,5.751965522766113,71.0
school_sky_ee72c1e0fedd,train,0.3148408532142639,0.4636344313621521,0.0,4.165863037109375,0.2272326648235321,0.49846282601356506,0.0,5.783383846282959,0.20518147945404053,0.4972028136253357,0.0,5.479452133178711,0.203622967004776,0.5744732022285461,0.0,5.755211353302002,72.0
school_sky_9ace9b072f7e,train,0.29024022817611694,0.47038546204566956,0.0,4.738641262054443,0.2301177978515625,0.5098386406898499,0.0,5.725698947906494,0.2006104588508606,0.51744544506073,0.0,5.615113258361816,0.20290318131446838,0.5589988231658936,0.0,5.765088081359863,72.0
school_sky_461cbe373abe,train,0.30091410875320435,0.48297572135925293,0.0,5.0430121421813965,0.2396874725818634,0.5130491852760315,0.0,5.950962543487549,0.2079046666622162,0.5307849049568176,0.0,5.517035961151123,0.2101593017578125,0.5732909440994263,0.0,5.871688365936279,73.0
school_sky_3d199823fd09,train,0.31693220138549805,0.477592796087265,0.0,5.051567554473877,0.23311176896095276,0.49758461117744446,0.0,5.771555423736572,0.20751038193702698,0.517366886138916,0.0,5.7079854011535645,0.20730766654014587,0.5701770186424255,0.0,5.859731197357178,73.0
school_sky_1c69575df133,train,0.310841828584671,0.4811936914920807,0.0,5.1817522048950195,0.24708768725395203,0.5041769742965698,0.0,5.692926406860352,0.20590025186538696,0.5376062989234924,0.0,5.77005672454834,0.20082347095012665,0.560900866985321,0.0,5.709800720214844,74.0
school_sky_e7b462c6d91b,train,0.27100732922554016,0.4785551428794861,0.0,5.515012741088867,0.23810447752475739,0.51621013879776,0.0,5.687648773193359,0.2078685164451599,0.5316576957702637,0.0,5.70823335647583,0.21995344758033752,0.5561862587928772,0.0,5.74271821975708,74.0
school_sky_ee3817276071,train,0.24940639734268188,0.49124982953071594,0.0,5.8402509689331055,0.23055699467658997,0.505557119846344,0.0,5.621469020843506,0.21277600526809692,0.5393417477607727,0.0,5.751965522766113,0.20078489184379578,0.5765267014503479,0.0,5.799222469329834,76.0
school_sky_abca674e1ac0,train,0.2301177978515625,0.5098386406898499,0.0,5.725698947906494,0.2006104588508606,0.51744544506073,0.0,5.615113258361816,0.20290318131446838,0.5589988231658936,0.0,5.765088081359863,0.1849471926689148,0.5560385584831238,0.0,5.80682373046875,78.0
school_sky_35009bffc0bc,train,0.23311176896095276,0.49758461117744446,0.0,5.771555423736572,0.20751038193702698,0.517366886138916,0.0,5.7079854011535645,0.20730766654014587,0.5701770186424255,0.0,5.859731197357178,0.18816828727722168,0.5570914149284363,0.0,5.82938289642334,79.0
school_sky_b64b72e0a836,train,0.23055699467658997,0.505557119846344,0.0,5.621469020843506,0.21277600526809692,0.5393417477607727,0.0,5.751965522766113,0.20078489184379578,0.5765267014503479,0.0,5.799222469329834,0.204111710190773,0.5939686298370361,0.0,5.98374605178833,80.0
school_sky_9d296801b66d,train,0.2046743929386139,0.5380370020866394,0.0,5.830050468444824,0.2057012915611267,0.5523942708969116,0.0,5.832849502563477,0.1946120709180832,0.5646103024482727,0.0,5.785065650939941,0.1943812072277069,0.5656630992889404,0.0,5.092287063598633,80.0
school_sky_8abd0b333fc0,train,0.2006104588508606,0.51744544506073,0.0,5.615113258361816,0.20290318131446838,0.5589988231658936,0.0,5.765088081359863,0.1849471926689148,0.5560385584831238,0.0,5.80682373046875,0.14329373836517334,0.47952088713645935,0.0,5.5334672927856445,81.0
school_sky_f6c47b8757c8,train,0.20751038193702698,0.517366886138916,0.0,5.7079854011535645,0.20730766654014587,0.5701770186424255,0.0,5.859731197357178,0.18816828727722168,0.5570914149284363,0.0,5.82938289642334,0.15328924357891083,0.5091747641563416,0.0,5.602051258087158,81.0
school_sky_49e236c076e1,train,0.21188320219516754,0.5325286984443665,0.0,5.788647651672363,0.20398792624473572,0.5671823024749756,0.0,5.693816184997559,0.2194892168045044,0.5913153886795044,0.0,6.229018688201904,0.15188366174697876,0.5168489813804626,0.0,5.760036945343018,81.0
school_sky_10e5b66545de,train,0.21277600526809692,0.5393417477607727,0.0,5.751965522766113,0.20078489184379578,0.5765267014503479,0.0,5.799222469329834,0.204111710190773,0.5939686298370361,0.0,5.98374605178833,0.15397965908050537,0.526697039604187,0.0,6.018871784210205,81.0
school_sky_3eae0f44b795,train,0.20290318131446838,0.5589988231658936,0.0,5.765088081359863,0.1849471926689148,0.5560385584831238,0.0,5.80682373046875,0.14329373836517334,0.47952088713645935,0.0,5.5334672927856445,0.155755877494812,0.5252909660339355,0.0,6.028570652008057,82.0
school_sky_4c1b230203a8,train,0.20730766654014587,0.5701770186424255,0.0,5.859731197357178,0.18816828727722168,0.5570914149284363,0.0,5.82938289642334,0.15328924357891083,0.5091747641563416,0.0,5.602051258087158,0.1520904302597046,0.526984453201294,0.0,6.250185966491699,82.0
school_sky_1b66d3a82499,train,0.20398792624473572,0.5671823024749756,0.0,5.693816184997559,0.2194892168045044,0.5913153886795044,0.0,6.229018688201904,0.15188366174697876,0.5168489813804626,0.0,5.760036945343018,0.1527610421180725,0.5288450121879578,0.0,6.167026519775391,82.0
school_sky_7a7f5717714f,train,0.20082347095012665,0.560900866985321,0.0,5.709800720214844,0.19126498699188232,0.5829461216926575,0.0,6.193782329559326,0.15164001286029816,0.5173755288124084,0.0,5.827836036682129,0.14951342344284058,0.5256249904632568,0.0,6.119814395904541,82.0
school_sky_139786b26e35,train,0.21995344758033752,0.5561862587928772,0.0,5.74271821975708,0.19448667764663696,0.5900617837905884,0.0,6.212512016296387,0.1562000811100006,0.5284269452095032,0.0,6.07477331161499,0.15538066625595093,0.5306610465049744,0.0,6.036655902862549,82.0
school_sky_36b275be90b7,train,0.20078489184379578,0.5765267014503479,0.0,5.799222469329834,0.204111710190773,0.5939686298370361,0.0,5.98374605178833,0.15397965908050537,0.526697039604187,0.0,6.018871784210205,0.15758724510669708,0.529114842414856,0.0,6.079841136932373,83.0
school_sky_3412da11a5b5,train,0.19802553951740265,0.5680855512619019,0.0,5.6549811363220215,0.22438374161720276,0.6234988570213318,0.0,6.074841499328613,0.15802913904190063,0.5258334279060364,0.0,6.072227954864502,0.1549801528453827,0.5199782252311707,0.0,5.79432487487793,82.0
school_sky_7c69b7074ae9,train,0.2194892168045044,0.5913153886795044,0.0,6.229018688201904,0.15188366174697876,0.5168489813804626,0.0,5.760036945343018,0.1527610421180725,0.5288450121879578,0.0,6.167026519775391,0.15566261112689972,0.5362870693206787,0.0,6.119369029998779,83.0
school_sky_d4ded87150b5,train,0.19448667764663696,0.5900617837905884,0.0,6.212512016296387,0.1562000811100006,0.5284269452095032,0.0,6.07477331161499,0.15538066625595093,0.5306610465049744,0.0,6.036655902862549,0.15606793761253357,0.5281785130500793,0.0,6.206410884857178,83.0
school_sky_4c73a432fd94,train,0.204111710190773,0.5939686298370361,0.0,5.98374605178833,0.15397965908050537,0.526697039604187,0.0,6.018871784210205,0.15758724510669708,0.529114842414856,0.0,6.079841136932373,0.15747034549713135,0.5350452661514282,0.0,6.097073078155518,83.0
school_sky_74470fd1392b,train,0.22438374161720276,0.6234988570213318,0.0,6.074841499328613,0.15802913904190063,0.5258334279060364,0.0,6.072227954864502,0.1549801528453827,0.5199782252311707,0.0,5.79432487487793,0.1519777476787567,0.5236391425132751,0.0,6.0683794021606445,83.0
school_sky_7bf9c26dedef,train,0.14533358812332153,0.4966861307621002,0.0,5.9166460037231445,0.15203651785850525,0.5219753980636597,0.0,5.987198829650879,0.15442651510238647,0.5288292765617371,0.0,6.059831142425537,0.15861889719963074,0.5265246629714966,0.0,6.060732364654541,83.0
school_sky_97e2b109cad7,train,0.15244314074516296,0.514971911907196,0.0,5.797685623168945,0.15935008227825165,0.5278461575508118,0.0,5.978237628936768,0.15436005592346191,0.5295120477676392,0.0,6.15277099609375,0.15532514452934265,0.5277952551841736,0.0,6.175894260406494,84.0
school_sky_18d69edc02d1,train,0.1562000811100006,0.5284269452095032,0.0,6.07477331161499,0.15538066625595093,0.5306610465049744,0.0,6.036655902862549,0.15606793761253357,0.5281785130500793,0.0,6.206410884857178,0.1618196666240692,0.5327979326248169,0.0,6.10308313369751,84.0
school_sky_55efecf08cc4,train,0.15397965908050537,0.526697039604187,0.0,6.018871784210205,0.15758724510669708,0.529114842414856,0.0,6.079841136932373,0.15747034549713135,0.5350452661514282,0.0,6.097073078155518,0.15564358234405518,0.5282766222953796,0.0,6.1415696144104,85.0
school_sky_75667c9f231a,train,0.1525845229625702,0.5272120833396912,0.0,6.070811748504639,0.1533183753490448,0.525178849697113,0.0,6.137251853942871,0.16017673909664154,0.5322648286819458,0.0,6.120327472686768,0.154873788356781,0.5288845896720886,0.0,6.180954933166504,85.0
school_sky_e8c75f6f420b,train,0.1570747345685959,0.5315232276916504,0.0,6.154690265655518,0.15706118941307068,0.5329996943473816,0.0,6.076109409332275,0.1562260389328003,0.5307714939117432,0.0,6.218449115753174,0.15959946811199188,0.5268650650978088,0.0,5.945260524749756,85.0
school_sky_f3043a095498,train,0.1520904302597046,0.526984453201294,0.0,6.250185966491699,0.15515542030334473,0.5222200155258179,0.0,5.996644020080566,0.15905830264091492,0.5324280858039856,0.0,6.14735746383667,0.16122254729270935,0.5338929295539856,0.0,6.06226110458374,86.0
school_sky_9e4aad4ab7cd,train,0.15935008227825165,0.5278461575508118,0.0,5.978237628936768,0.15436005592346191,0.5295120477676392,0.0,6.15277099609375,0.15532514452934265,0.5277952551841736,0.0,6.175894260406494,0.15965385735034943,0.5342245697975159,0.0,6.051589012145996,86.0
school_sky_77c28ee01b43,train,0.15538066625595093,0.5306610465049744,0.0,6.036655902862549,0.15606793761253357,0.5281785130500793,0.0,6.206410884857178,0.1618196666240692,0.5327979326248169,0.0,6.10308313369751,0.15905793011188507,0.5368859767913818,0.0,6.275184154510498,86.0
school_sky_d06a23069a60,train,0.15758724510669708,0.529114842414856,0.0,6.079841136932373,0.15747034549713135,0.5350452661514282,0.0,6.097073078155518,0.15564358234405518,0.5282766222953796,0.0,6.1415696144104,0.15978899598121643,0.5320709347724915,0.0,6.089394569396973,85.0
school_sky_dd53f90b0dc8,train,0.15020158886909485,0.5143136978149414,0.0,5.776388645172119,0.15454861521720886,0.529711902141571,0.0,6.2559814453125,0.15449005365371704,0.5322120785713196,0.0,6.217759609222412,0.15776503086090088,0.5372804403305054,0.0,6.20631217956543,94.0
school_sky_6cf6bd16ab51,train,0.15582364797592163,0.5400202870368958,0.0,6.332549095153809,0.15716084837913513,0.5343060493469238,0.0,6.2481770515441895,0.15843139588832855,0.5369755625724792,0.0,6.476457595825195,0.15557247400283813,0.524483859539032,0.0,6.251359939575195,94.0
school_sky_16c5e7c812de,train,0.15684983134269714,0.5322603583335876,0.0,6.35015344619751,0.16105391085147858,0.5447513461112976,0.0,6.559446334838867,0.15442731976509094,0.5428414940834045,0.0,6.6947407722473145,0.15792012214660645,0.5384347438812256,0.0,6.545619964599609,94.0
school_sky_0b4dc7903839,train,0.15442469716072083,0.5382956266403198,0.0,6.445749759674072,0.15706606209278107,0.5387195944786072,0.0,6.488499164581299,0.15838006138801575,0.5404523015022278,0.0,6.383245944976807,0.15299805998802185,0.531278669834137,0.0,6.287815570831299,94.0
school_sky_546200ab89f4,train,0.15723246335983276,0.5269643664360046,0.0,6.16892147064209,0.1535087525844574,0.5381713509559631,0.0,6.375657558441162,0.15948426723480225,0.5333276391029358,0.0,6.383573532104492,0.15730684995651245,0.5348954796791077,0.0,6.4285712242126465,94.0
school_sky_e1d056bda870,train,0.15716084837913513,0.5343060493469238,0.0,6.2481770515441895,0.15843139588832855,0.5369755625724792,0.0,6.476457595825195,0.15557247400283813,0.524483859539032,0.0,6.251359939575195,0.1524360030889511,0.5330131649971008,0.0,6.406001567840576,95.0
school_sky_f36217882eb0,train,0.16105391085147858,0.5447513461112976,0.0,6.559446334838867,0.15442731976509094,0.5428414940834045,0.0,6.6947407722473145,0.15792012214660645,0.5384347438812256,0.0,6.545619964599609,0.16002781689167023,0.5369755029678345,0.0,6.405060291290283,94.0
school_sky_acee4399b7b7,train,0.15154977142810822,0.5256471633911133,0.0,6.230552673339844,0.15523013472557068,0.5333355665206909,0.0,6.285006046295166,0.15465207397937775,0.5351738929748535,0.0,6.255851745605469,0.15744277834892273,0.5372666716575623,0.0,6.41945219039917,95.0
school_sky_0d67c11d74f3,train,0.154933363199234,0.537810206413269,0.0,6.360413551330566,0.15569868683815002,0.532813549041748,0.0,6.214293479919434,0.15538574755191803,0.5443990230560303,0.0,6.498624801635742,0.15583953261375427,0.542165219783783,0.0,6.448376655578613,94.0
school_sky_f7b498d08966,train,0.15843139588832855,0.5369755625724792,0.0,6.476457595825195,0.15557247400283813,0.524483859539032,0.0,6.251359939575195,0.1524360030889511,0.5330131649971008,0.0,6.406001567840576,0.15644808113574982,0.5162646174430847,0.0,5.83131217956543,94.0
school_sky_5489b33b96e6,train,0.15442731976509094,0.5428414940834045,0.0,6.6947407722473145,0.15792012214660645,0.5384347438812256,0.0,6.545619964599609,0.16002781689167023,0.5369755029678345,0.0,6.405060291290283,0.14889100193977356,0.4473477005958557,0.0,4.616608619689941,95.0
school_sky_e313c5b6f963,train,0.1580682098865509,0.5394377112388611,0.0,6.207159519195557,0.1553736925125122,0.5408968329429626,0.0,6.428324222564697,0.15820415318012238,0.5385730266571045,0.0,6.366095542907715,0.32643431425094604,0.5848173499107361,0.0,5.218154430389404,94.0
school_sky_d7e73bf3f501,train,0.15523013472557068,0.5333355665206909,0.0,6.285006046295166,0.15465207397937775,0.5351738929748535,0.0,6.255851745605469,0.15744277834892273,0.5372666716575623,0.0,6.41945219039917,0.3431071639060974,0.6517559885978699,0.0,6.1966753005981445,94.0
school_sky_6522ded108ab,train,0.15569868683815002,0.532813549041748,0.0,6.214293479919434,0.15538574755191803,0.5443990230560303,0.0,6.498624801635742,0.15583953261375427,0.542165219783783,0.0,6.448376655578613,0.22805887460708618,0.5163255929946899,0.0,5.092115879058838,94.0
school_sky_5b82d74d289b,train,0.15776503086090088,0.5372804403305054,0.0,6.20631217956543,0.15674054622650146,0.5306012034416199,0.0,6.235774993896484,0.15407587587833405,0.5329117774963379,0.0,6.389164924621582,0.1975005865097046,0.5004987120628357,0.0,4.999816417694092,94.0
school_sky_fdab86ab71cf,train,0.15457592904567719,0.527033269405365,0.0,6.250087261199951,0.15616768598556519,0.5289612412452698,0.0,6.132035732269287,0.15446293354034424,0.5289478302001953,0.0,5.999850273132324,0.30285418033599854,0.5513418912887573,0.0,4.5516886711120605,94.0
school_sky_c6593a98f88b,train,0.15792012214660645,0.5384347438812256,0.0,6.545619964599609,0.16002781689167023,0.5369755029678345,0.0,6.405060291290283,0.14889100193977356,0.4473477005958557,0.0,4.616608619689941,0.2842077612876892,0.5670137405395508,0.0,5.132785797119141,94.0
school_sky_f507c3ccb840,train,0.15465207397937775,0.5351738929748535,0.0,6.255851745605469,0.15744277834892273,0.5372666716575623,0.0,6.41945219039917,0.3431071639060974,0.6517559885978699,0.0,6.1966753005981445,0.38118940591812134,0.5671532154083252,0.0,4.384555816650391,92.0
school_sky_ba5a63c6195b,train,0.15730684995651245,0.5348954796791077,0.0,6.4285712242126465,0.15779471397399902,0.5364559888839722,0.0,6.308667182922363,0.31024229526519775,0.5877985954284668,0.0,5.4546122550964355,0.3262743651866913,0.5186691880226135,0.0,3.708557367324829,92.0
school_sky_6b62ba87486a,train,0.1544536054134369,0.5310874581336975,0.0,6.101743221282959,0.1539134383201599,0.5270673632621765,0.0,6.054386615753174,0.29634833335876465,0.512389063835144,0.0,4.6130499839782715,0.31297165155410767,0.5528759956359863,0.0,4.786080837249756,91.0
school_sky_3f5b6d223e63,train,0.16002781689167023,0.5369755029678345,0.0,6.405060291290283,0.14889100193977356,0.4473477005958557,0.0,4.616608619689941,0.2842077612876892,0.5670137405395508,0.0,5.132785797119141,0.21989716589450836,0.46859973669052124,0.0,4.051731586456299,92.0
school_sky_ed9adf0d0a7b,train,0.15599128603935242,0.523654580116272,0.0,6.054258823394775,0.29651063680648804,0.5521774291992188,0.0,5.6603522300720215,0.3093293011188507,0.5348717570304871,0.0,4.705926895141602,0.24201388657093048,0.4787414073944092,0.0,4.043941974639893,90.0
school_sky_7b507a57482b,train,0.15744277834892273,0.5372666716575623,0.0,6.41945219039917,0.3431071639060974,0.6517559885978699,0.0,6.1966753005981445,0.38118940591812134,0.5671532154083252,0.0,4.384555816650391,0.26615601778030396,0.5534470081329346,0.0,5.66401481628418,91.0
school_sky_ee0ced2015e7,train,0.15779471397399902,0.5364559888839722,0.0,6.308667182922363,0.31024229526519775,0.5877985954284668,0.0,5.4546122550964355,0.3262743651866913,0.5186691880226135,0.0,3.708557367324829,0.21009638905525208,0.5887743830680847,0.0,6.2359466552734375,89.0
school_sky_ac5b525f7f05,train,0.1539134383201599,0.5270673632621765,0.0,6.054386615753174,0.29634833335876465,0.512389063835144,0.0,4.6130499839782715,0.31297165155410767,0.5528759956359863,0.0,4.786080837249756,0.1810874491930008,0.47177088260650635,0.0,4.002536773681641,90.0
school_sky_53c3e2e65996,train,0.32643431425094604,0.5848173499107361,0.0,5.218154430389404,0.34334203600883484,0.6358972787857056,0.0,5.6101579666137695,0.2357902228832245,0.4199691116809845,0.0,3.491729736328125,0.23321035504341125,0.5158418416976929,0.0,5.201656341552734,89.0
school_sky_618a351af742,train,0.3431071639060974,0.6517559885978699,0.0,6.1966753005981445,0.38118940591812134,0.5671532154083252,0.0,4.384555816650391,0.26615601778030396,0.5534470081329346,0.0,5.66401481628418,0.21372033655643463,0.49129608273506165,0.0,4.5872979164123535,89.0
school_sky_960f86607599,train,0.3758663833141327,0.731637179851532,0.0,6.78178071975708,0.44804924726486206,0.6329362988471985,0.0,4.127473831176758,0.2027481496334076,0.46361270546913147,0.0,4.395155429840088,0.20860880613327026,0.5077084898948669,0.0,4.746791839599609,89.0
school_sky_1ca6d7bdaa10,train,0.2830127477645874,0.6223934888839722,0.0,5.931551933288574,0.4279943108558655,0.6323137879371643,0.0,4.1694560050964355,0.26031172275543213,0.6018102169036865,0.0,6.075304985046387,0.21311397850513458,0.47086912393569946,0.0,4.494611740112305,85.0
school_sky_3ea28f1a5c79,train,0.1975005865097046,0.5004987120628357,0.0,4.999816417694092,0.38467466831207275,0.5826199650764465,0.0,4.240931510925293,0.26851242780685425,0.5910107493400574,0.0,4.935718059539795,0.22587300837039948,0.5293841361999512,0.0,5.048234939575195,86.0
school_sky_a3344378a0c9,train,0.31024229526519775,0.5877985954284668,0.0,5.4546122550964355,0.3262743651866913,0.5186691880226135,0.0,3.708557367324829,0.21009638905525208,0.5887743830680847,0.0,6.2359466552734375,0.2273845076560974,0.5542452931404114,0.0,5.606407165527344,85.0
school_sky_f39e96fa622a,train,0.30285418033599854,0.5513418912887573,0.0,4.5516886711120605,0.1908532828092575,0.40490445494651794,0.0,3.2763447761535645,0.15637868642807007,0.4754522442817688,0.0,5.116573810577393,0.22415611147880554,0.4294203519821167,0.0,3.809999942779541,85.0
school_sky_80c610e43ed1,train,0.34334203600883484,0.6358972787857056,0.0,5.6101579666137695,0.2357902228832245,0.4199691116809845,0.0,3.491729736328125,0.23321035504341125,0.5158418416976929,0.0,5.201656341552734,0.2561835050582886,0.5028396844863892,0.0,3.917677879333496,85.0
school_sky_91099ac0361f,train,0.38118940591812134,0.5671532154083252,0.0,4.384555816650391,0.26615601778030396,0.5534470081329346,0.0,5.66401481628418,0.21372033655643463,0.49129608273506165,0.0,4.5872979164123535,0.2626021206378937,0.5030628442764282,0.0,4.004478931427002,85.0
school_sky_34812cbbde95,train,0.44804924726486206,0.6329362988471985,0.0,4.127473831176758,0.2027481496334076,0.46361270546913147,0.0,4.395155429840088,0.20860880613327026,0.5077084898948669,0.0,4.746791839599609,0.20886828005313873,0.4412704408168793,0.0,3.9869914054870605,85.0
school_sky_d90b27d25945,train,0.4279943108558655,0.6323137879371643,0.0,4.1694560050964355,0.26031172275543213,0.6018102169036865,0.0,6.075304985046387,0.21311397850513458,0.47086912393569946,0.0,4.494611740112305,0.1695670336484909,0.368615061044693,0.0,4.412804126739502,86.0
school_sky_15f857d4781a,train,0.38467466831207275,0.5826199650764465,0.0,4.240931510925293,0.26851242780685425,0.5910107493400574,0.0,4.935718059539795,0.22587300837039948,0.5293841361999512,0.0,5.048234939575195,0.18250790238380432,0.38478440046310425,0.0,3.8199472427368164,88.0
school_sky_be2a38caf7cf,train,0.3262743651866913,0.5186691880226135,0.0,3.708557367324829,0.21009638905525208,0.5887743830680847,0.0,6.2359466552734375,0.2273845076560974,0.5542452931404114,0.0,5.606407165527344,0.36783790588378906,0.6006016135215759,0.0,4.338083744049072,88.0
school_sky_55b811fa2e48,train,0.5503014922142029,0.6197317242622375,0.0,3.7232491970062256,0.179884135723114,0.4794705808162689,0.0,4.210270881652832,0.20395365357398987,0.44239339232444763,0.0,3.800156831741333,0.4929327964782715,0.6546949744224548,0.0,4.320847511291504,88.0
school_sky_a8ad01ec86df,train,0.1908532828092575,0.40490445494651794,0.0,3.2763447761535645,0.15637868642807007,0.4754522442817688,0.0,5.116573810577393,0.22415611147880554,0.4294203519821167,0.0,3.809999942779541,0.388568639755249,0.6382306218147278,0.0,5.006579875946045,89.0
school_sky_0ae11838c746,train,0.2357902228832245,0.4199691116809845,0.0,3.491729736328125,0.23321035504341125,0.5158418416976929,0.0,5.201656341552734,0.2561835050582886,0.5028396844863892,0.0,3.917677879333496,0.605565071105957,0.7836945056915283,0.0,3.975672960281372,89.0
school_sky_95770fa30a1a,train,0.26615601778030396,0.5534470081329346,0.0,5.66401481628418,0.21372033655643463,0.49129608273506165,0.0,4.5872979164123535,0.2626021206378937,0.5030628442764282,0.0,4.004478931427002,0.6817883253097534,0.9402205348014832,0.0,5.541600227355957,89.0
school_sky_fc8ecd389ced,train,0.2027481496334076,0.46361270546913147,0.0,4.395155429840088,0.20860880613327026,0.5077084898948669,0.0,4.746791839599609,0.20886828005313873,0.4412704408168793,0.0,3.9869914054870605,0.7003913521766663,0.895747184753418,0.0,5.4546308517456055,89.0
school_sky_0cc147846940,train,0.2677234411239624,0.6234817504882812,0.0,6.863685131072998,0.2736395001411438,0.6178273558616638,0.0,5.478549957275391,0.19834837317466736,0.4509357213973999,0.0,4.597830772399902,0.6977424025535583,0.9252074956893921,0.0,6.96621561050415,88.0
school_sky_8be4da791b3e,train,0.26851242780685425,0.5910107493400574,0.0,4.935718059539795,0.22587300837039948,0.5293841361999512,0.0,5.048234939575195,0.18250790238380432,0.38478440046310425,0.0,3.8199472427368164,0.7579660415649414,0.8854418992996216,0.0,5.414715766906738,88.0
school_sky_4269d99f2945,train,0.15637868642807007,0.4754522442817688,0.0,5.116573810577393,0.22415611147880554,0.4294203519821167,0.0,3.809999942779541,0.388568639755249,0.6382306218147278,0.0,5.006579875946045,0.7727116346359253,0.8730303049087524,0.0,5.452371120452881,86.0
school_sky_f581dde3ca34,train,0.2580578625202179,0.6216048002243042,0.0,6.334240436553955,0.2402130365371704,0.4726513922214508,0.0,4.289092540740967,0.6110102534294128,0.7079358696937561,0.0,3.863598108291626,0.8106815218925476,0.8275066614151001,0.0,4.705145359039307,86.0
school_sky_ff2cf5d8dc82,train,0.21372033655643463,0.49129608273506165,0.0,4.5872979164123535,0.2626021206378937,0.5030628442764282,0.0,4.004478931427002,0.6817883253097534,0.9402205348014832,0.0,5.541600227355957,0.8766772150993347,0.950073778629303,0.0,5.6016435623168945,87.0
school_sky_5d164b4fd62f,train,0.21311397850513458,0.47086912393569946,0.0,4.494611740112305,0.1695670336484909,0.368615061044693,0.0,4.412804126739502,0.7121837735176086,0.8627802133560181,0.0,4.925858974456787,0.9151765704154968,0.921241283416748,0.0,5.45328950881958,86.0
school_sky_9e0aaf8fbf7a,train,0.2736395001411438,0.6178273558616638,0.0,5.478549957275391,0.19834837317466736,0.4509357213973999,0.0,4.597830772399902,0.6977424025535583,0.9252074956893921,0.0,6.96621561050415,0.7495363354682922,0.7414647936820984,0.0,3.879401683807373,87.0
school_sky_cee94c01efeb,train,0.2273845076560974,0.5542452931404114,0.0,5.606407165527344,0.36783790588378906,0.6006016135215759,0.0,4.338083744049072,0.7574485540390015,0.8275880217552185,0.0,5.293227195739746,0.7743548154830933,0.8013197183609009,0.0,5.4629411697387695,83.0
school_sky_aa0513026914,train,0.20395365357398987,0.44239339232444763,0.0,3.800156831741333,0.4929327964782715,0.6546949744224548,0.0,4.320847511291504,0.768137514591217,0.8093892335891724,0.0,5.506892681121826,0.6176282167434692,0.5990849733352661,0.0,3.887904167175293,81.0
school_sky_d5d8d8f4518c,train,0.2534642219543457,0.4329851269721985,0.0,3.705974817276001,0.5688815116882324,0.7491097450256348,0.0,4.565837383270264,0.7559796571731567,0.8095071315765381,0.0,4.591227054595947,0.5335245132446289,0.5860135555267334,0.0,3.781986713409424,79.0
school_sky_622c357d7d40,train,0.2626021206378937,0.5030628442764282,0.0,4.004478931427002,0.6817883253097534,0.9402205348014832,0.0,5.541600227355957,0.8766772150993347,0.950073778629303,0.0,5.6016435623168945,0.46642518043518066,0.5443221926689148,0.0,3.494565010070801,81.0
school_sky_ebd39328ad67,train,0.20886828005313873,0.4412704408168793,0.0,3.9869914054870605,0.7003913521766663,0.895747184753418,0.0,5.4546308517456055,0.8345641493797302,0.8957746624946594,0.0,5.295178413391113,0.497896671295166,0.5501943230628967,0.0,3.1395959854125977,77.0
school_sky_17f7b55097d7,train,0.19834837317466736,0.4509357213973999,0.0,4.597830772399902,0.6977424025535583,0.9252074956893921,0.0,6.96621561050415,0.7495363354682922,0.7414647936820984,0.0,3.879401683807373,0.5013295412063599,0.5747595429420471,0.0,3.106489419937134,77.0
school_sky_6bc7d6bd60fc,train,0.18250790238380432,0.38478440046310425,0.0,3.8199472427368164,0.7579660415649414,0.8854418992996216,0.0,5.414715766906738,0.7051135301589966,0.7001417279243469,0.0,3.752782106399536,0.591953694820404,0.7007507681846619,0.0,3.871014356613159,77.0
school_sky_b361f8fa4a34,train,0.36783790588378906,0.6006016135215759,0.0,4.338083744049072,0.7574485540390015,0.8275880217552185,0.0,5.293227195739746,0.7743548154830933,0.8013197183609009,0.0,5.4629411697387695,0.5778933763504028,0.659963846206665,0.0,4.3176350593566895,76.0
school_sky_c60b2f1ce7a7,train,0.43760842084884644,0.6932506561279297,0.0,4.980464935302734,0.7520720362663269,0.8152331709861755,0.0,5.7078938484191895,0.7447013854980469,0.7608398199081421,0.0,5.250589847564697,0.6999629735946655,0.8008241653442383,0.0,5.1706390380859375,76.0
school_sky_a4593d22297f,train,0.6110102534294128,0.7079358696937561,0.0,3.863598108291626,0.8106815218925476,0.8275066614151001,0.0,4.705145359039307,0.5187497138977051,0.622370183467865,0.0,3.959381103515625,0.43020766973495483,0.5288211703300476,0.0,3.7620136737823486,75.0
school_sky_3b187cf2cbf1,train,0.605565071105957,0.7836945056915283,0.0,3.975672960281372,0.7749547362327576,0.8361916542053223,0.0,5.90071439743042,0.5002887845039368,0.6074227690696716,0.0,4.228285312652588,0.5857328772544861,0.6661555767059326,0.0,4.209385871887207,75.0
school_sky_8b835a4f1a64,train,0.6817883253097534,0.9402205348014832,0.0,5.541600227355957,0.8766772150993347,0.950073778629303,0.0,5.6016435623168945,0.46642518043518066,0.5443221926689148,0.0,3.494565010070801,0.4897356331348419,0.5553510785102844,0.0,3.1712512969970703,75.0
school_sky_fea0f2341488,train,0.6977424025535583,0.9252074956893921,0.0,6.96621561050415,0.7495363354682922,0.7414647936820984,0.0,3.879401683807373,0.5013295412063599,0.5747595429420471,0.0,3.106489419937134,0.4296189248561859,0.5010802745819092,0.0,3.4488701820373535,73.0
school_sky_cbc2ee792b3c,train,0.7574485540390015,0.8275880217552185,0.0,5.293227195739746,0.7743548154830933,0.8013197183609009,0.0,5.4629411697387695,0.5778933763504028,0.659963846206665,0.0,4.3176350593566895,0.40953052043914795,0.47314682602882385,0.0,2.597010374069214,73.0
school_sky_8ecbcb2b10c4,train,0.7520720362663269,0.8152331709861755,0.0,5.7078938484191895,0.7447013854980469,0.7608398199081421,0.0,5.250589847564697,0.6999629735946655,0.8008241653442383,0.0,5.1706390380859375,0.4365273416042328,0.5397409200668335,0.0,3.517076015472412,73.0
school_sky_5deb57c44e8e,train,0.7495363354682922,0.7414647936820984,0.0,3.879401683807373,0.5013295412063599,0.5747595429420471,0.0,3.106489419937134,0.4296189248561859,0.5010802745819092,0.0,3.4488701820373535,0.31873631477355957,0.5440438389778137,0.0,5.327608108520508,72.0
school_sky_730b69543ccd,train,0.7743548154830933,0.8013197183609009,0.0,5.4629411697387695,0.5778933763504028,0.659963846206665,0.0,4.3176350593566895,0.40953052043914795,0.47314682602882385,0.0,2.597010374069214,0.29185259342193604,0.6163768768310547,0.0,6.15437650680542,73.0
school_sky_301e10344d8a,train,0.7447013854980469,0.7608398199081421,0.0,5.250589847564697,0.6999629735946655,0.8008241653442383,0.0,5.1706390380859375,0.4365273416042328,0.5397409200668335,0.0,3.517076015472412,0.27742981910705566,0.6093266010284424,0.0,6.412364482879639,73.0
school_sky_98451b61a8cb,train,0.5335245132446289,0.5860135555267334,0.0,3.781986713409424,0.5662765502929688,0.5902995467185974,0.0,3.918226718902588,0.43395212292671204,0.5790697932243347,0.0,3.9547691345214844,0.27243709564208984,0.49622979760169983,0.0,4.172487258911133,70.0
school_sky_4ba7149ed111,train,0.5013295412063599,0.5747595429420471,0.0,3.106489419937134,0.4296189248561859,0.5010802745819092,0.0,3.4488701820373535,0.31873631477355957,0.5440438389778137,0.0,5.327608108520508,0.33567920327186584,0.5943968892097473,0.0,5.1199631690979,71.0
school_sky_a9a4501b4354,train,0.591953694820404,0.7007507681846619,0.0,3.871014356613159,0.5612566471099854,0.6965506672859192,0.0,4.79955530166626,0.29560375213623047,0.543745756149292,0.0,5.077421188354492,0.3082593083381653,0.5958757996559143,0.0,5.382155895233154,71.0
school_sky_3560587843d7,train,0.6999629735946655,0.8008241653442383,0.0,5.1706390380859375,0.4365273416042328,0.5397409200668335,0.0,3.517076015472412,0.27742981910705566,0.6093266010284424,0.0,6.412364482879639,0.3502258360385895,0.5706627368927002,0.0,5.265186309814453,69.0
school_sky_7ecfd39c7911,train,0.5662765502929688,0.5902995467185974,0.0,3.918226718902588,0.43395212292671204,0.5790697932243347,0.0,3.9547691345214844,0.27243709564208984,0.49622979760169983,0.0,4.172487258911133,0.39277780055999756,0.526138186454773,0.0,5.2534379959106445,69.0
school_sky_d264ef34f65c,train,0.5857328772544861,0.6661555767059326,0.0,4.209385871887207,0.3253154754638672,0.541405200958252,0.0,4.549333572387695,0.27759724855422974,0.5533350110054016,0.0,5.521876811981201,0.2813320755958557,0.5436738729476929,0.0,5.152068138122559,69.0
school_sky_a55e0bef2f8e,train,0.4897356331348419,0.5553510785102844,0.0,3.1712512969970703,0.31118690967559814,0.44104599952697754,0.0,3.142849922180176,0.2369355857372284,0.5103919506072998,0.0,4.814341068267822,0.3095855414867401,0.48668205738067627,0.0,4.941559791564941,69.0
school_sky_b9ec30cdcc14,train,0.4296189248561859,0.5010802745819092,0.0,3.4488701820373535,0.31873631477355957,0.5440438389778137,0.0,5.327608108520508,0.33567920327186584,0.5943968892097473,0.0,5.1199631690979,0.4018515944480896,0.6408249735832214,0.0,6.285323619842529,70.0
school_sky_a3a956c4fe5a,train,0.5612566471099854,0.6965506672859192,0.0,4.79955530166626,0.29560375213623047,0.543745756149292,0.0,5.077421188354492,0.3082593083381653,0.5958757996559143,0.0,5.382155895233154,0.46528011560440063,0.6127656698226929,0.0,6.219668388366699,72.0
school_sky_30f2c826c6c7,train,0.4365273416042328,0.5397409200668335,0.0,3.517076015472412,0.27742981910705566,0.6093266010284424,0.0,6.412364482879639,0.3502258360385895,0.5706627368927002,0.0,5.265186309814453,0.39756590127944946,0.688870906829834,0.0,7.691595554351807,70.0
school_sky_8dda3a9c8162,train,0.41384410858154297,0.5087580680847168,0.0,3.6274454593658447,0.2795567512512207,0.587283194065094,0.0,5.779782772064209,0.4342372715473175,0.5275376439094543,0.0,4.5790815353393555,0.2999142110347748,0.5863355398178101,0.0,6.618219375610352,72.0
school_sky_39fc15e070fc,train,0.43395212292671204,0.5790697932243347,0.0,3.9547691345214844,0.27243709564208984,0.49622979760169983,0.0,4.172487258911133,0.39277780055999756,0.526138186454773,0.0,5.2534379959106445,0.26112690567970276,0.5244733095169067,0.0,5.561208724975586,73.0
school_sky_671c631a1620,train,0.3253154754638672,0.541405200958252,0.0,4.549333572387695,0.27759724855422974,0.5533350110054016,0.0,5.521876811981201,0.2813320755958557,0.5436738729476929,0.0,5.152068138122559,0.3578239381313324,0.5783816576004028,0.0,6.017723083496094,74.0
school_sky_aa8074b0b296,train,0.31118690967559814,0.44104599952697754,0.0,3.142849922180176,0.2369355857372284,0.5103919506072998,0.0,4.814341068267822,0.3095855414867401,0.48668205738067627,0.0,4.941559791564941,0.2324524223804474,0.5212101936340332,0.0,5.267989635467529,72.0
school_sky_7ee1368fc917,train,0.29185259342193604,0.6163768768310547,0.0,6.15437650680542,0.4034518599510193,0.7404931783676147,0.0,6.1415815353393555,0.4068973660469055,0.551094651222229,0.0,5.789380073547363,0.37643545866012573,0.6355972290039062,0.0,5.570269584655762,77.0
school_sky_3663b42a2710,train,0.27742981910705566,0.6093266010284424,0.0,6.412364482879639,0.3502258360385895,0.5706627368927002,0.0,5.265186309814453,0.39756590127944946,0.688870906829834,0.0,7.691595554351807,0.3438858091831207,0.6575022339820862,0.0,5.751904010772705,77.0
school_sky_14371c88fe6a,train,0.2795567512512207,0.587283194065094,0.0,5.779782772064209,0.4342372715473175,0.5275376439094543,0.0,4.5790815353393555,0.2999142110347748,0.5863355398178101,0.0,6.618219375610352,0.21427318453788757,0.5612262487411499,0.0,5.898528099060059,78.0
school_sky_b0d05be9044d,train,0.27243709564208984,0.49622979760169983,0.0,4.172487258911133,0.39277780055999756,0.526138186454773,0.0,5.2534379959106445,0.26112690567970276,0.5244733095169067,0.0,5.561208724975586,0.2121623158454895,0.5427655577659607,0.0,5.3348894119262695,80.0
school_sky_299b4c92ecb5,train,0.2659323513507843,0.5274975299835205,0.0,5.183264255523682,0.39932873845100403,0.5508849620819092,0.0,5.4796600341796875,0.2530398368835449,0.5073036551475525,0.0,5.345020294189453,0.20073238015174866,0.5351995825767517,0.0,5.317761421203613,80.0
school_sky_19290a32deca,train,0.3502258360385895,0.5706627368927002,0.0,5.265186309814453,0.39756590127944946,0.688870906829834,0.0,7.691595554351807,0.3438858091831207,0.6575022339820862,0.0,5.751904010772705,0.2555735111236572,0.5115765333175659,0.0,5.249851226806641,86.0
school_sky_3796413601c3,train,0.3555743396282196,0.595910370349884,0.0,5.443490028381348,0.32520848512649536,0.6042417287826538,0.0,6.196843147277832,0.2386179268360138,0.5165371298789978,0.0,5.218899250030518,0.24748201668262482,0.5169402956962585,0.0,5.374014377593994,87.0
school_sky_48161c03cdb0,train,0.39277780055999756,0.526138186454773,0.0,5.2534379959106445,0.26112690567970276,0.5244733095169067,0.0,5.561208724975586,0.2121623158454895,0.5427655577659607,0.0,5.3348894119262695,0.2096022069454193,0.5820719003677368,0.0,6.043405055999756,87.0
school_sky_2b47f806cc15,train,0.39932873845100403,0.5508849620819092,0.0,5.4796600341796875,0.2530398368835449,0.5073036551475525,0.0,5.345020294189453,0.20073238015174866,0.5351995825767517,0.0,5.317761421203613,0.19673720002174377,0.5473366379737854,0.0,5.605520725250244,87.0
school_sky_8bd462e88637,train,0.34224945306777954,0.6166955232620239,0.0,6.2957611083984375,0.3080950975418091,0.5175825953483582,0.0,5.179795265197754,0.22078824043273926,0.4885958731174469,0.0,4.592586040496826,0.250593364238739,0.6115506887435913,0.0,5.469558238983154,85.0
school_sky_b38de13d6e61,train,0.42306262254714966,0.6839218139648438,0.0,6.892551898956299,0.3838565945625305,0.623985230922699,0.0,5.265379428863525,0.21572920680046082,0.5727360844612122,0.0,6.032585144042969,0.16206684708595276,0.49718180298805237,0.0,5.318602561950684,87.0
school_sky_e44dddfe7a01,train,0.39756590127944946,0.688870906829834,0.0,7.691595554351807,0.3438858091831207,0.6575022339820862,0.0,5.751904010772705,0.2555735111236572,0.5115765333175659,0.0,5.249851226806641,0.1509886085987091,0.5163732171058655,0.0,5.617806434631348,89.0
school_sky_79be88160720,train,0.32520848512649536,0.6042417287826538,0.0,6.196843147277832,0.2386179268360138,0.5165371298789978,0.0,5.218899250030518,0.24748201668262482,0.5169402956962585,0.0,5.374014377593994,0.14919251203536987,0.5112711787223816,0.0,5.638972759246826,88.0
school_sky_8b3c821ed4f6,train,0.26112690567970276,0.5244733095169067,0.0,5.561208724975586,0.2121623158454895,0.5427655577659607,0.0,5.3348894119262695,0.2096022069454193,0.5820719003677368,0.0,6.043405055999756,0.15440626442432404,0.5234020948410034,0.0,5.812024116516113,89.0
school_sky_0ea6e99cced9,train,0.3080950975418091,0.5175825953483582,0.0,5.179795265197754,0.22078824043273926,0.4885958731174469,0.0,4.592586040496826,0.250593364238739,0.6115506887435913,0.0,5.469558238983154,0.1486547589302063,0.5169560313224792,0.0,5.772237777709961,90.0
school_sky_21b6dd01ae56,train,0.3838565945625305,0.623985230922699,0.0,5.265379428863525,0.21572920680046082,0.5727360844612122,0.0,6.032585144042969,0.16206684708595276,0.49718180298805237,0.0,5.318602561950684,0.1459798514842987,0.5161392092704773,0.0,5.81514310836792,90.0
school_sky_00faaab6139e,train,0.37643545866012573,0.6355972290039062,0.0,5.570269584655762,0.23641268908977509,0.5381878018379211,0.0,5.356995582580566,0.1462569236755371,0.5051571130752563,0.0,5.471340656280518,0.15655095875263214,0.5280634164810181,0.0,5.904897689819336,89.0
school_sky_4c2095c891d1,train,0.2386179268360138,0.5165371298789978,0.0,5.218899250030518,0.24748201668262482,0.5169402956962585,0.0,5.374014377593994,0.14919251203536987,0.5112711787223816,0.0,5.638972759246826,0.14766329526901245,0.5109357833862305,0.0,5.745848178863525,89.0
school_sky_47168e8593e3,train,0.2121623158454895,0.5427655577659607,0.0,5.3348894119262695,0.2096022069454193,0.5820719003677368,0.0,6.043405055999756,0.15440626442432404,0.5234020948410034,0.0,5.812024116516113,0.14952819049358368,0.5263421535491943,0.0,5.851705551147461,90.0
school_sky_a7c5d8acf8bf,train,0.21572920680046082,0.5727360844612122,0.0,6.032585144042969,0.16206684708595276,0.49718180298805237,0.0,5.318602561950684,0.1459798514842987,0.5161392092704773,0.0,5.81514310836792,0.15490229427814484,0.527646541595459,0.0,5.8475494384765625,90.0
school_sky_add67c6415dd,train,0.24748201668262482,0.5169402956962585,0.0,5.374014377593994,0.14919251203536987,0.5112711787223816,0.0,5.638972759246826,0.14766329526901245,0.5109357833862305,0.0,5.745848178863525,0.15245217084884644,0.5208824872970581,0.0,5.750655651092529,91.0
school_sky_926883e165fe,train,0.2096022069454193,0.5820719003677368,0.0,6.043405055999756,0.15440626442432404,0.5234020948410034,0.0,5.812024116516113,0.14952819049358368,0.5263421535491943,0.0,5.851705551147461,0.15538589656352997,0.5195556282997131,0.0,5.861522197723389,92.0
school_sky_a6f8356d27de,train,0.16206684708595276,0.49718180298805237,0.0,5.318602561950684,0.1459798514842987,0.5161392092704773,0.0,5.81514310836792,0.15490229427814484,0.527646541595459,0.0,5.8475494384765625,0.15007615089416504,0.5168337821960449,0.0,5.747190952301025,93.0
school_sky_77fd80f469cf,train,0.14776897430419922,0.5011226534843445,0.0,5.80242395401001,0.15148916840553284,0.5202215909957886,0.0,5.851510047912598,0.15149609744548798,0.5158129334449768,0.0,5.7246294021606445,0.1562478393316269,0.521234393119812,0.0,5.75734281539917,93.0
school_sky_b4d23620a9eb,train,0.1509886085987091,0.5163732171058655,0.0,5.617806434631348,0.1548614799976349,0.5308871269226074,0.0,5.925321578979492,0.1508045494556427,0.5184635519981384,0.0,5.881173133850098,0.1542424112558365,0.5237560272216797,0.0,5.855040073394775,93.0
school_sky_c8eecc03892a,train,0.14919251203536987,0.5112711787223816,0.0,5.638972759246826,0.14766329526901245,0.5109357833862305,0.0,5.745848178863525,0.15245217084884644,0.5208824872970581,0.0,5.750655651092529,0.1500444859266281,0.518517255783081,0.0,5.894171237945557,93.0
school_sky_bad242a5dfa9,train,0.15440626442432404,0.5234020948410034,0.0,5.812024116516113,0.14952819049358368,0.5263421535491943,0.0,5.851705551147461,0.15538589656352997,0.5195556282997131,0.0,5.861522197723389,0.15638503432273865,0.5221298933029175,0.0,5.78985595703125,94.0
school_sky_91d2439484b6,train,0.1472538262605667,0.517163097858429,0.0,5.80427885055542,0.14977651834487915,0.5137235522270203,0.0,5.882749080657959,0.15395089983940125,0.5261623859405518,0.0,5.885900497436523,0.15355506539344788,0.5170051455497742,0.0,5.935079574584961,93.0
school_sky_abe7db11ab0a,train,0.15095411241054535,0.5213598608970642,0.0,5.7546844482421875,0.15453112125396729,0.5275130271911621,0.0,5.977281093597412,0.15016935765743256,0.5165963768959045,0.0,5.776881694793701,0.14788375794887543,0.5163624882698059,0.0,5.752963066101074,94.0
school_sky_b32ea764bd91,train,0.1548614799976349,0.5308871269226074,0.0,5.925321578979492,0.1508045494556427,0.5184635519981384,0.0,5.881173133850098,0.1542424112558365,0.5237560272216797,0.0,5.855040073394775,0.15163017809391022,0.5208949446678162,0.0,5.857522487640381,94.0
school_sky_0661e8b2fd91,train,0.14766329526901245,0.5109357833862305,0.0,5.745848178863525,0.15245217084884644,0.5208824872970581,0.0,5.750655651092529,0.1500444859266281,0.518517255783081,0.0,5.894171237945557,0.14876209199428558,0.5090488195419312,0.0,5.63154411315918,94.0
school_sky_43dc9d91a4c0,train,0.14952819049358368,0.5263421535491943,0.0,5.851705551147461,0.15538589656352997,0.5195556282997131,0.0,5.861522197723389,0.15638503432273865,0.5221298933029175,0.0,5.78985595703125,0.15405400097370148,0.5157994627952576,0.0,5.719725608825684,95.0
school_sky_d346a1d2456b,train,0.15846823155879974,0.5257281064987183,0.0,5.745603561401367,0.1484985649585724,0.5157957077026367,0.0,5.877630710601807,0.15596149861812592,0.5258210897445679,0.0,6.002335548400879,0.15280301868915558,0.5289677381515503,0.0,5.871199607849121,95.0
school_sky_a1cf565e9200,train,0.15453112125396729,0.5275130271911621,0.0,5.977281093597412,0.15016935765743256,0.5165963768959045,0.0,5.776881694793701,0.14788375794887543,0.5163624882698059,0.0,5.752963066101074,0.14683371782302856,0.5151642560958862,0.0,5.831661224365234,95.0
school_sky_ea5346ac58cb,train,0.1508045494556427,0.5184635519981384,0.0,5.881173133850098,0.1542424112558365,0.5237560272216797,0.0,5.855040073394775,0.15163017809391022,0.5208949446678162,0.0,5.857522487640381,0.15301086008548737,0.51272052526474,0.0,5.8699445724487305,96.0
school_sky_4fa8c107d5f1,train,0.15225398540496826,0.5168202519416809,0.0,5.799497127532959,0.14845943450927734,0.5152034163475037,0.0,5.779922008514404,0.15618905425071716,0.5263611078262329,0.0,6.023950576782227,0.1579950749874115,0.5300200581550598,0.0,6.1059088706970215,96.0
school_sky_b945d28dff49,train,0.15538589656352997,0.5195556282997131,0.0,5.861522197723389,0.15638503432273865,0.5221298933029175,0.0,5.78985595703125,0.15405400097370148,0.5157994627952576,0.0,5.719725608825684,0.15034225583076477,0.5232139825820923,0.0,5.786037921905518,96.0
school_sky_49ec837bc2c5,train,0.1484985649585724,0.5157957077026367,0.0,5.877630710601807,0.15596149861812592,0.5258210897445679,0.0,6.002335548400879,0.15280301868915558,0.5289677381515503,0.0,5.871199607849121,0.15224787592887878,0.5182163119316101,0.0,5.848877429962158,97.0
school_sky_eb3171a8520d,train,0.15007615089416504,0.5168337821960449,0.0,5.747190952301025,0.15328197181224823,0.530086100101471,0.0,5.959230899810791,0.14972954988479614,0.515559196472168,0.0,5.82390022277832,0.15358996391296387,0.5232336521148682,0.0,5.966268539428711,97.0
school_sky_cdaf81b86412,train,0.15933406352996826,0.5272152423858643,0.0,5.767867088317871,0.15970148146152496,0.5331958532333374,0.0,6.050561904907227,0.15382617712020874,0.5181700587272644,0.0,5.734120845794678,0.15404024720191956,0.52564537525177,0.0,5.923213958740234,97.0
school_sky_3d795c68cc63,train,0.1542424112558365,0.5237560272216797,0.0,5.855040073394775,0.15163017809391022,0.5208949446678162,0.0,5.857522487640381,0.15301086008548737,0.51272052526474,0.0,5.8699445724487305,0.1524888575077057,0.5179765820503235,0.0,5.9285736083984375,97.0
school_sky_1384ef4f6c1e,train,0.15638503432273865,0.5221298933029175,0.0,5.78985595703125,0.15405400097370148,0.5157994627952576,0.0,5.719725608825684,0.15034225583076477,0.5232139825820923,0.0,5.786037921905518,0.1572646200656891,0.5272948145866394,0.0,5.963487148284912,97.0
school_sky_9c9048f445f9,train,0.15596149861812592,0.5258210897445679,0.0,6.002335548400879,0.15280301868915558,0.5289677381515503,0.0,5.871199607849121,0.15224787592887878,0.5182163119316101,0.0,5.848877429962158,0.15461190044879913,0.533821165561676,0.0,5.91567850112915,97.0
school_sky_7bef9aa9a226,train,0.15328197181224823,0.530086100101471,0.0,5.959230899810791,0.14972954988479614,0.515559196472168,0.0,5.82390022277832,0.15358996391296387,0.5232336521148682,0.0,5.966268539428711,0.15513372421264648,0.5201695561408997,0.0,5.879916191101074,96.0
school_sky_f8720a7bf906,train,0.15970148146152496,0.5331958532333374,0.0,6.050561904907227,0.15382617712020874,0.5181700587272644,0.0,5.734120845794678,0.15404024720191956,0.52564537525177,0.0,5.923213958740234,0.15598845481872559,0.525608479976654,0.0,5.831329822540283,96.0
school_sky_cb7a329ae907,train,0.15163017809391022,0.5208949446678162,0.0,5.857522487640381,0.15301086008548737,0.51272052526474,0.0,5.8699445724487305,0.1524888575077057,0.5179765820503235,0.0,5.9285736083984375,0.1567283570766449,0.5215470194816589,0.0,5.764850616455078,95.0
school_sky_cc2a7d254b57,train,0.15280301868915558,0.5289677381515503,0.0,5.871199607849121,0.15224787592887878,0.5182163119316101,0.0,5.848877429962158,0.15461190044879913,0.533821165561676,0.0,5.91567850112915,0.15080654621124268,0.5210471153259277,0.0,5.8659892082214355,95.0
school_sky_e8eb8f75598f,train,0.14972954988479614,0.515559196472168,0.0,5.82390022277832,0.15358996391296387,0.5232336521148682,0.0,5.966268539428711,0.15513372421264648,0.5201695561408997,0.0,5.879916191101074,0.15678122639656067,0.529464066028595,0.0,5.96673059463501,95.0
school_sky_16973fbc585f,train,0.15123993158340454,0.5216293334960938,0.0,5.818302631378174,0.15669578313827515,0.5215871334075928,0.0,5.816883087158203,0.1476297676563263,0.5075377225875854,0.0,5.749783039093018,0.1507205218076706,0.5149566531181335,0.0,5.813871383666992,95.0
school_sky_a5ef1626942a,train,0.15301086008548737,0.51272052526474,0.0,5.8699445724487305,0.1524888575077057,0.5179765820503235,0.0,5.9285736083984375,0.1567283570766449,0.5215470194816589,0.0,5.764850616455078,0.15553316473960876,0.5312251448631287,0.0,5.80327844619751,95.0
school_sky_b05d0e639725,train,0.15224787592887878,0.5182163119316101,0.0,5.848877429962158,0.15461190044879913,0.533821165561676,0.0,5.91567850112915,0.15080654621124268,0.5210471153259277,0.0,5.8659892082214355,0.15419378876686096,0.5237032175064087,0.0,5.788780689239502,95.0
school_sky_afe555de23c1,train,0.15224461257457733,0.5258073806762695,0.0,5.7997846603393555,0.15358951687812805,0.5167944431304932,0.0,5.818851947784424,0.1512639820575714,0.5242224931716919,0.0,5.75059175491333,0.1526351273059845,0.5266488194465637,0.0,5.820219039916992,95.0
school_sky_c827d02e4fbe,train,0.15669578313827515,0.5215871334075928,0.0,5.816883087158203,0.1476297676563263,0.5075377225875854,0.0,5.749783039093018,0.1507205218076706,0.5149566531181335,0.0,5.813871383666992,0.15302437543869019,0.5229222178459167,0.0,5.769983291625977,95.0
school_sky_2d3c41abbf85,train,0.1524888575077057,0.5179765820503235,0.0,5.9285736083984375,0.1567283570766449,0.5215470194816589,0.0,5.764850616455078,0.15553316473960876,0.5312251448631287,0.0,5.80327844619751,0.14368489384651184,0.5022931694984436,0.0,5.703991889953613,95.0
school_sky_85e27423a50d,train,0.15511997044086456,0.5332945585250854,0.0,5.844273090362549,0.15202480554580688,0.5232903957366943,0.0,5.907198905944824,0.1529870480298996,0.5191051363945007,0.0,5.698886871337891,0.4446823000907898,0.5718659162521362,0.0,3.3252780437469482,96.0
school_sky_30dcdb4237a8,train,0.15461190044879913,0.533821165561676,0.0,5.91567850112915,0.15080654621124268,0.5210471153259277,0.0,5.8659892082214355,0.15419378876686096,0.5237032175064087,0.0,5.788780689239502,0.5555692911148071,0.7666847705841064,0.0,4.717997074127197,95.0
school_sky_35e2556c8d5c,train,0.15358951687812805,0.5167944431304932,0.0,5.818851947784424,0.1512639820575714,0.5242224931716919,0.0,5.75059175491333,0.1526351273059845,0.5266488194465637,0.0,5.820219039916992,0.5948326587677002,0.7930304408073425,0.0,5.017350673675537,95.0
school_sky_4b09f4b926e3,train,0.15507304668426514,0.5163754820823669,0.0,5.856380462646484,0.15644221007823944,0.5254716873168945,0.0,5.824225425720215,0.15258677303791046,0.5119016766548157,0.0,5.559160232543945,0.5382218956947327,0.7171131372451782,0.0,4.406086444854736,94.0
school_sky_8bf2d3649be1,train,0.1567283570766449,0.5215470194816589,0.0,5.764850616455078,0.15553316473960876,0.5312251448631287,0.0,5.80327844619751,0.14368489384651184,0.5022931694984436,0.0,5.703991889953613,0.515666127204895,0.6911603808403015,0.0,3.554530143737793,94.0
school_sky_663e768ba3b8,train,0.14799636602401733,0.5145724415779114,0.0,5.881516456604004,0.15626224875450134,0.5247172117233276,0.0,5.767492294311523,0.1508137732744217,0.4843248724937439,0.0,5.5937933921813965,0.5460690259933472,0.7053188681602478,0.0,3.9713022708892822,94.0
school_sky_24b6f5e5a761,train,0.15202480554580688,0.5232903957366943,0.0,5.907198905944824,0.1529870480298996,0.5191051363945007,0.0,5.698886871337891,0.4446823000907898,0.5718659162521362,0.0,3.3252780437469482,0.5190424919128418,0.5801504850387573,0.0,3.4616897106170654,94.0
school_sky_637fb5dc8573,train,0.15680184960365295,0.5217621326446533,0.0,5.7820048332214355,0.147821843624115,0.5206277966499329,0.0,5.8437886238098145,0.5673345923423767,0.7501233816146851,0.0,4.2434234619140625,0.5593109130859375,0.7265552878379822,0.0,3.7076120376586914,95.0
school_sky_75fb9034209f,train,0.1512639820575714,0.5242224931716919,0.0,5.75059175491333,0.1526351273059845,0.5266488194465637,0.0,5.820219039916992,0.5948326587677002,0.7930304408073425,0.0,5.017350673675537,0.5132912993431091,0.6541754603385925,0.0,3.9905123710632324,94.0
school_sky_40cd4152d5b8,train,0.15400776267051697,0.5269985795021057,0.0,5.925722599029541,0.1510520875453949,0.5181928277015686,0.0,5.672756671905518,0.5881761908531189,0.7323126792907715,0.0,3.8205082416534424,0.47864431142807007,0.5840299725532532,0.0,4.306736946105957,93.0
school_sky_a3cfd720b8bd,train,0.15626224875450134,0.5247172117233276,0.0,5.767492294311523,0.1508137732744217,0.4843248724937439,0.0,5.5937933921813965,0.5460690259933472,0.7053188681602478,0.0,3.9713022708892822,0.5412600040435791,0.6320516467094421,0.0,4.2145233154296875,94.0
school_sky_ed02b016731a,train,0.1529870480298996,0.5191051363945007,0.0,5.698886871337891,0.4446823000907898,0.5718659162521362,0.0,3.3252780437469482,0.5190424919128418,0.5801504850387573,0.0,3.4616897106170654,0.5665587186813354,0.6978148818016052,0.0,4.9264020919799805,93.0
school_sky_68f838c743bb,train,0.147821843624115,0.5206277966499329,0.0,5.8437886238098145,0.5673345923423767,0.7501233816146851,0.0,4.2434234619140625,0.5593109130859375,0.7265552878379822,0.0,3.7076120376586914,0.6094461679458618,0.6914657354354858,0.0,5.775442123413086,93.0
school_sky_50aff0d39691,train,0.1526351273059845,0.5266488194465637,0.0,5.820219039916992,0.5948326587677002,0.7930304408073425,0.0,5.017350673675537,0.5132912993431091,0.6541754603385925,0.0,3.9905123710632324,0.593937873840332,0.7031568288803101,0.0,6.433535575866699,92.0
school_sky_7fac2d343306,train,0.15285158157348633,0.514825165271759,0.0,5.62692928314209,0.5108314156532288,0.6676028370857239,0.0,3.4805495738983154,0.4470503032207489,0.6100433468818665,0.0,4.05277156829834,0.4434243440628052,0.6916593313217163,0.0,4.149696350097656,91.0
school_sky_c3f5ea358c15,train,0.1510520875453949,0.5181928277015686,0.0,5.672756671905518,0.5881761908531189,0.7323126792907715,0.0,3.8205082416534424,0.47864431142807007,0.5840299725532532,0.0,4.306736946105957,0.4712686538696289,0.7340525984764099,0.0,6.084856033325195,91.0
school_sky_3e88e38c72f7,train,0.1508137732744217,0.4843248724937439,0.0,5.5937933921813965,0.5460690259933472,0.7053188681602478,0.0,3.9713022708892822,0.5412600040435791,0.6320516467094421,0.0,4.2145233154296875,0.3842591643333435,0.5292526483535767,0.0,4.957170486450195,90.0
school_sky_5ad176394cd0,train,0.4446823000907898,0.5718659162521362,0.0,3.3252780437469482,0.5190424919128418,0.5801504850387573,0.0,3.4616897106170654,0.5665587186813354,0.6978148818016052,0.0,4.9264020919799805,0.43729695677757263,0.5184354782104492,0.0,3.6827585697174072,90.0
school_sky_ff61e18e737d,train,0.5673345923423767,0.7501233816146851,0.0,4.2434234619140625,0.5593109130859375,0.7265552878379822,0.0,3.7076120376586914,0.6094461679458618,0.6914657354354858,0.0,5.775442123413086,0.3789031505584717,0.48265716433525085,0.0,3.3787102699279785,91.0
school_sky_7e88140695dc,train,0.5555692911148071,0.7666847705841064,0.0,4.717997074127197,0.6099340319633484,0.8210090398788452,0.0,4.4818830490112305,0.7447299957275391,0.8662219643592834,0.0,6.09759521484375,0.40582388639450073,0.564341127872467,0.0,5.125464916229248,85.0
school_sky_64e0e2fa02c9,train,0.5948326587677002,0.7930304408073425,0.0,5.017350673675537,0.5132912993431091,0.6541754603385925,0.0,3.9905123710632324,0.593937873840332,0.7031568288803101,0.0,6.433535575866699,0.3172686696052551,0.48848968744277954,0.0,3.726771593093872,85.0
school_sky_d6a710cfe9ed,train,0.5382218956947327,0.7171131372451782,0.0,4.406086444854736,0.49825218319892883,0.6560510993003845,0.0,5.790299415588379,0.3899250626564026,0.54488605260849,0.0,3.800830364227295,0.2175622582435608,0.48776116967201233,0.0,4.956127643585205,85.0
school_sky_0172764ce867,train,0.5593109130859375,0.7265552878379822,0.0,3.7076120376586914,0.6094461679458618,0.6914657354354858,0.0,5.775442123413086,0.3789031505584717,0.48265716433525085,0.0,3.3787102699279785,0.4419231712818146,0.7215019464492798,0.0,7.141430377960205,82.0
school_sky_181271a982ba,train,0.6099340319633484,0.8210090398788452,0.0,4.4818830490112305,0.7447299957275391,0.8662219643592834,0.0,6.09759521484375,0.40582388639450073,0.564341127872467,0.0,5.125464916229248,0.509198009967804,0.6505482792854309,0.0,4.945944786071777,82.0
school_sky_ebffdd1f1219,train,0.5132912993431091,0.6541754603385925,0.0,3.9905123710632324,0.593937873840332,0.7031568288803101,0.0,6.433535575866699,0.3172686696052551,0.48848968744277954,0.0,3.726771593093872,0.407878041267395,0.5758196711540222,0.0,5.24454402923584,84.0
school_sky_60c4002e4f47,train,0.5717470645904541,0.6864566802978516,0.0,4.8003339767456055,0.5480153560638428,0.6669598817825317,0.0,4.725502967834473,0.3181554079055786,0.4547223746776581,0.0,3.292149782180786,0.33609843254089355,0.6164373159408569,0.0,6.722408771514893,82.0
school_sky_8f46ac535744,train,0.5828520059585571,0.7386021614074707,0.0,4.574243068695068,0.4347628951072693,0.6262180805206299,0.0,3.137138843536377,0.21142520010471344,0.4432792365550995,0.0,4.193453788757324,0.2625206708908081,0.46313756704330444,0.0,3.352853298187256,84.0
school_sky_6dc8fb2d50b5,train,0.6094461679458618,0.6914657354354858,0.0,5.775442123413086,0.3789031505584717,0.48265716433525085,0.0,3.3787102699279785,0.4419231712818146,0.7215019464492798,0.0,7.141430377960205,0.40782010555267334,0.525185763835907,0.0,5.385229587554932,76.0
school_sky_a3074f42a38b,train,0.7447299957275391,0.8662219643592834,0.0,6.09759521484375,0.40582388639450073,0.564341127872467,0.0,5.125464916229248,0.509198009967804,0.6505482792854309,0.0,4.945944786071777,0.3031346797943115,0.5228408575057983,0.0,5.656742095947266,80.0
school_sky_47f38c06f857,train,0.593937873840332,0.7031568288803101,0.0,6.433535575866699,0.3172686696052551,0.48848968744277954,0.0,3.726771593093872,0.407878041267395,0.5758196711540222,0.0,5.24454402923584,0.32685983180999756,0.5069342851638794,0.0,5.423958778381348,74.0
school_sky_6865d6519e46,train,0.5480153560638428,0.6669598817825317,0.0,4.725502967834473,0.3181554079055786,0.4547223746776581,0.0,3.292149782180786,0.33609843254089355,0.6164373159408569,0.0,6.722408771514893,0.25277990102767944,0.3951592445373535,0.0,3.5611002445220947,74.0
school_sky_29d8a6922643,train,0.4347628951072693,0.6262180805206299,0.0,3.137138843536377,0.21142520010471344,0.4432792365550995,0.0,4.193453788757324,0.2625206708908081,0.46313756704330444,0.0,3.352853298187256,0.3592578172683716,0.5214475393295288,0.0,4.402120113372803,71.0
school_sky_739c45137d18,train,0.4348992705345154,0.7072448134422302,0.0,4.534946441650391,0.17382311820983887,0.46652424335479736,0.0,4.722574710845947,0.24462753534317017,0.45572471618652344,0.0,3.8867905139923096,0.31273430585861206,0.5161084532737732,0.0,4.272214412689209,71.0
school_sky_522f5f9824e2,train,0.4712686538696289,0.7340525984764099,0.0,6.084856033325195,0.2719907760620117,0.5270892381668091,0.0,4.8557515144348145,0.4194120168685913,0.5833626985549927,0.0,5.888861179351807,0.4784623682498932,0.7615734934806824,0.0,7.427083492279053,71.0
school_sky_8bba08c0b7b2,train,0.3789031505584717,0.48265716433525085,0.0,3.3787102699279785,0.4419231712818146,0.7215019464492798,0.0,7.141430377960205,0.40782010555267334,0.525185763835907,0.0,5.385229587554932,0.6561483144760132,0.6896074414253235,0.0,5.5108466148376465,71.0
school_sky_f264c51db631,train,0.3181554079055786,0.4547223746776581,0.0,3.292149782180786,0.33609843254089355,0.6164373159408569,0.0,6.722408771514893,0.25277990102767944,0.3951592445373535,0.0,3.5611002445220947,0.6387743949890137,0.6501843929290771,0.0,4.569269180297852,69.0
school_sky_22801148accd,train,0.21142520010471344,0.4432792365550995,0.0,4.193453788757324,0.2625206708908081,0.46313756704330444,0.0,3.352853298187256,0.3592578172683716,0.5214475393295288,0.0,4.402120113372803,0.6188961267471313,0.6623935699462891,0.0,4.368118762969971,69.0
school_sky_459a10134b71,train,0.17382311820983887,0.46652424335479736,0.0,4.722574710845947,0.24462753534317017,0.45572471618652344,0.0,3.8867905139923096,0.31273430585861206,0.5161084532737732,0.0,4.272214412689209,0.563649594783783,0.6708659529685974,0.0,5.654752731323242,71.0
school_sky_3072fa46e3ae,train,0.2175622582435608,0.48776116967201233,0.0,4.956127643585205,0.3853011131286621,0.5691843032836914,0.0,5.421901226043701,0.35729360580444336,0.5551474094390869,0.0,4.274338722229004,0.6050629019737244,0.785197913646698,0.0,8.205286026000977,69.0
school_sky_cc98d2d838c9,train,0.4419231712818146,0.7215019464492798,0.0,7.141430377960205,0.40782010555267334,0.525185763835907,0.0,5.385229587554932,0.6561483144760132,0.6896074414253235,0.0,5.5108466148376465,0.4982386827468872,0.5715609788894653,0.0,4.043233394622803,71.0
school_sky_783080ee1bf9,train,0.2625206708908081,0.46313756704330444,0.0,3.352853298187256,0.3592578172683716,0.5214475393295288,0.0,4.402120113372803,0.6188961267471313,0.6623935699462891,0.0,4.368118762969971,0.421176552772522,0.6462834477424622,0.0,6.9365644454956055,69.0
school_sky_73ecd2c53a12,train,0.2280801236629486,0.4257562756538391,0.0,4.0829973220825195,0.24651888012886047,0.4452802538871765,0.0,3.125056505203247,0.669899582862854,0.735430896282196,0.0,5.150244235992432,0.4094133675098419,0.6044324040412903,0.0,7.131065845489502,69.0
school_sky_38144a114611,train,0.3853011131286621,0.5691843032836914,0.0,5.421901226043701,0.35729360580444336,0.5551474094390869,0.0,4.274338722229004,0.6050629019737244,0.785197913646698,0.0,8.205286026000977,0.27872878313064575,0.5226077437400818,0.0,4.256094932556152,69.0
school_sky_d006eb92a138,train,0.3031346797943115,0.5228408575057983,0.0,5.656742095947266,0.5944584012031555,0.6913079023361206,0.0,4.812201976776123,0.35979175567626953,0.5061834454536438,0.0,3.8153128623962402,0.2759914994239807,0.5089372396469116,0.0,4.354794979095459,69.0
school_sky_68f9257837cf,train,0.32685983180999756,0.5069342851638794,0.0,5.423958778381348,0.6410643458366394,0.6824455261230469,0.0,4.5927348136901855,0.5073522329330444,0.6348627209663391,0.0,5.378971099853516,0.27961450815200806,0.5447725057601929,0.0,4.4152069091796875,70.0
school_sky_eb5d7045c43b,train,0.3592578172683716,0.5214475393295288,0.0,4.402120113372803,0.6188961267471313,0.6623935699462891,0.0,4.368118762969971,0.421176552772522,0.6462834477424622,0.0,6.9365644454956055,0.2671692967414856,0.5488981008529663,0.0,5.968725681304932,69.0
school_sky_c4f1ab8d5fe6,train,0.24651888012886047,0.4452802538871765,0.0,3.125056505203247,0.669899582862854,0.735430896282196,0.0,5.150244235992432,0.4094133675098419,0.6044324040412903,0.0,7.131065845489502,0.23924322426319122,0.4914523959159851,0.0,5.34251070022583,69.0
school_sky_cc7215ceeb2e,train,0.4784623682498932,0.7615734934806824,0.0,7.427083492279053,0.5017577409744263,0.6489649415016174,0.0,5.272490501403809,0.22652345895767212,0.3853082060813904,0.0,3.196382999420166,0.31423333287239075,0.5183156132698059,0.0,5.137235164642334,69.0
school_sky_61f5883d16a2,train,0.35729360580444336,0.5551474094390869,0.0,4.274338722229004,0.6050629019737244,0.785197913646698,0.0,8.205286026000977,0.27872878313064575,0.5226077437400818,0.0,4.256094932556152,0.2821224331855774,0.5190874934196472,0.0,5.6968536376953125,69.0
school_sky_863dc667a3cf,train,0.5285912156105042,0.5905349850654602,0.0,3.922067642211914,0.38837069272994995,0.5642663836479187,0.0,4.4087066650390625,0.2300662100315094,0.5414544939994812,0.0,6.142287731170654,0.36911237239837646,0.6225286722183228,0.0,6.522827625274658,68.0
school_sky_96b4e33fe1d6,train,0.6387743949890137,0.6501843929290771,0.0,4.569269180297852,0.4860273003578186,0.6865754723548889,0.0,6.930419921875,0.2339974343776703,0.5372180342674255,0.0,4.96701717376709,0.27696260809898376,0.6008399724960327,0.0,6.528249263763428,69.0
school_sky_727ebdaec6bd,train,0.6188961267471313,0.6623935699462891,0.0,4.368118762969971,0.421176552772522,0.6462834477424622,0.0,6.9365644454956055,0.2671692967414856,0.5488981008529663,0.0,5.968725681304932,0.3466121554374695,0.6178003549575806,0.0,7.051013946533203,69.0
school_sky_9c6839f315a6,train,0.669899582862854,0.735430896282196,0.0,5.150244235992432,0.4094133675098419,0.6044324040412903,0.0,7.131065845489502,0.23924322426319122,0.4914523959159851,0.0,5.34251070022583,0.26989680528640747,0.5316387414932251,0.0,5.260445594787598,68.0
school_sky_3a9a3bfd5657,train,0.5017577409744263,0.6489649415016174,0.0,5.272490501403809,0.22652345895767212,0.3853082060813904,0.0,3.196382999420166,0.31423333287239075,0.5183156132698059,0.0,5.137235164642334,0.2657082676887512,0.5507904887199402,0.0,4.965468406677246,69.0
school_sky_d5a85e4e151b,train,0.6050629019737244,0.785197913646698,0.0,8.205286026000977,0.27872878313064575,0.5226077437400818,0.0,4.256094932556152,0.2821224331855774,0.5190874934196472,0.0,5.6968536376953125,0.3651162385940552,0.6420594453811646,0.0,6.095879077911377,68.0
school_sky_409cfa6265e8,train,0.4733101427555084,0.6490806937217712,0.0,5.407683372497559,0.2882879972457886,0.513003408908844,0.0,5.479931831359863,0.2991912364959717,0.5951027274131775,0.0,7.3129730224609375,0.38769209384918213,0.6286007761955261,0.0,5.855740070343018,68.0
school_sky_b63112209c52,train,0.4982386827468872,0.5715609788894653,0.0,4.043233394622803,0.29170042276382446,0.5494721531867981,0.0,4.5979790687561035,0.274396151304245,0.5940566062927246,0.0,6.501110553741455,0.3056911826133728,0.5919897556304932,0.0,5.90372896194458,72.0
school_sky_db2a814b613f,train,0.4860273003578186,0.6865754723548889,0.0,6.930419921875,0.2339974343776703,0.5372180342674255,0.0,4.96701717376709,0.27696260809898376,0.6008399724960327,0.0,6.528249263763428,0.37291574478149414,0.6121651530265808,0.0,5.758738994598389,72.0
school_sky_fe45af519cf0,train,0.22652345895767212,0.3853082060813904,0.0,3.196382999420166,0.31423333287239075,0.5183156132698059,0.0,5.137235164642334,0.2657082676887512,0.5507904887199402,0.0,4.965468406677246,0.24834086000919342,0.5235486626625061,0.0,4.748232364654541,74.0
school_sky_85b6aff6fe1a,train,0.27872878313064575,0.5226077437400818,0.0,4.256094932556152,0.2821224331855774,0.5190874934196472,0.0,5.6968536376953125,0.3651162385940552,0.6420594453811646,0.0,6.095879077911377,0.2485308200120926,0.5358988642692566,0.0,4.5822343826293945,75.0
school_sky_abb8efd47dfc,train,0.2882879972457886,0.513003408908844,0.0,5.479931831359863,0.2991912364959717,0.5951027274131775,0.0,7.3129730224609375,0.38769209384918213,0.6286007761955261,0.0,5.855740070343018,0.3046928346157074,0.6128361821174622,0.0,6.1629462242126465,73.0
school_sky_25ea74b03266,train,0.2626371383666992,0.5395482778549194,0.0,5.0335869789123535,0.3501569628715515,0.5345735549926758,0.0,5.422520160675049,0.32277750968933105,0.5464021563529968,0.0,4.519425392150879,0.2124781310558319,0.500019907951355,0.0,4.328090190887451,75.0
school_sky_54fcaa34cfc0,train,0.2339974343776703,0.5372180342674255,0.0,4.96701717376709,0.27696260809898376,0.6008399724960327,0.0,6.528249263763428,0.37291574478149414,0.6121651530265808,0.0,5.758738994598389,0.2504446506500244,0.397617906332016,0.0,3.6422576904296875,76.0
school_sky_57385b752e29,train,0.26480358839035034,0.4997618794441223,0.0,4.028107166290283,0.2923841178417206,0.5542843341827393,0.0,5.492671966552734,0.2772403955459595,0.5697430372238159,0.0,4.7815260887146,0.19791483879089355,0.48294132947921753,0.0,4.699060916900635,77.0
school_sky_cb792dcab4cd,train,0.31423333287239075,0.5183156132698059,0.0,5.137235164642334,0.2657082676887512,0.5507904887199402,0.0,4.965468406677246,0.24834086000919342,0.5235486626625061,0.0,4.748232364654541,0.23174604773521423,0.558775782585144,0.0,5.032660961151123,77.0
school_sky_40b9d500526e,train,0.2821224331855774,0.5190874934196472,0.0,5.6968536376953125,0.3651162385940552,0.6420594453811646,0.0,6.095879077911377,0.2485308200120926,0.5358988642692566,0.0,4.5822343826293945,0.19988961517810822,0.4927339553833008,0.0,4.8771586418151855,75.0
school_sky_657b95f8e3d9,train,0.2991912364959717,0.5951027274131775,0.0,7.3129730224609375,0.38769209384918213,0.6286007761955261,0.0,5.855740070343018,0.3046928346157074,0.6128361821174622,0.0,6.1629462242126465,0.15805387496948242,0.445879727602005,0.0,5.113148212432861,78.0
school_sky_2b6bfaafb40b,train,0.3501569628715515,0.5345735549926758,0.0,5.422520160675049,0.32277750968933105,0.5464021563529968,0.0,4.519425392150879,0.2124781310558319,0.500019907951355,0.0,4.328090190887451,0.15875637531280518,0.5023449063301086,0.0,5.390764236450195,78.0
school_sky_051a62333d06,train,0.3466121554374695,0.6178003549575806,0.0,7.051013946533203,0.28961747884750366,0.5807380676269531,0.0,5.641878128051758,0.22612303495407104,0.42140117287635803,0.0,4.029904842376709,0.18065045773983002,0.5476042628288269,0.0,5.654014587402344,78.0
school_sky_1b425caf2f1d,train,0.2923841178417206,0.5542843341827393,0.0,5.492671966552734,0.2772403955459595,0.5697430372238159,0.0,4.7815260887146,0.19791483879089355,0.48294132947921753,0.0,4.699060916900635,0.1646536886692047,0.49003711342811584,0.0,5.308487892150879,82.0
school_sky_1560ca63926e,train,0.3651162385940552,0.6420594453811646,0.0,6.095879077911377,0.2485308200120926,0.5358988642692566,0.0,4.5822343826293945,0.19988961517810822,0.4927339553833008,0.0,4.8771586418151855,0.1803460419178009,0.5407196283340454,0.0,5.590391635894775,83.0
school_sky_ea07ef93fd86,train,0.38769209384918213,0.6286007761955261,0.0,5.855740070343018,0.3046928346157074,0.6128361821174622,0.0,6.1629462242126465,0.15805387496948242,0.445879727602005,0.0,5.113148212432861,0.17699140310287476,0.45447713136672974,0.0,4.957668781280518,83.0
school_sky_37b2f8d752a1,train,0.3056911826133728,0.5919897556304932,0.0,5.90372896194458,0.24798429012298584,0.48302412033081055,0.0,3.8958284854888916,0.16943341493606567,0.47533246874809265,0.0,5.463919162750244,0.19718581438064575,0.519586443901062,0.0,5.0872955322265625,84.0
school_sky_fcda5a047a55,train,0.34018802642822266,0.7032575011253357,0.0,8.505120277404785,0.26572006940841675,0.4255654811859131,0.0,3.7571585178375244,0.15089693665504456,0.4746444523334503,0.0,5.344627857208252,0.22501341998577118,0.5155942440032959,0.0,4.79339599609375,82.0
school_sky_96c26678fd91,train,0.2485308200120926,0.5358988642692566,0.0,4.5822343826293945,0.19988961517810822,0.4927339553833008,0.0,4.8771586418151855,0.1803460419178009,0.5407196283340454,0.0,5.590391635894775,0.17511075735092163,0.5323385000228882,0.0,5.578605651855469,86.0
school_sky_044ab72156f0,train,0.3046928346157074,0.6128361821174622,0.0,6.1629462242126465,0.15805387496948242,0.445879727602005,0.0,5.113148212432861,0.17699140310287476,0.45447713136672974,0.0,4.957668781280518,0.1827520728111267,0.562680721282959,0.0,5.786507606506348,89.0
school_sky_24550c123c5e,train,0.24798429012298584,0.48302412033081055,0.0,3.8958284854888916,0.16943341493606567,0.47533246874809265,0.0,5.463919162750244,0.19718581438064575,0.519586443901062,0.0,5.0872955322265625,0.20815028250217438,0.605341374874115,0.0,5.952550411224365,90.0
school_sky_f3f9394b6fa5,train,0.26572006940841675,0.4255654811859131,0.0,3.7571585178375244,0.15089693665504456,0.4746444523334503,0.0,5.344627857208252,0.22501341998577118,0.5155942440032959,0.0,4.79339599609375,0.2169368714094162,0.5599421858787537,0.0,5.014431476593018,92.0
school_sky_a134c39e527e,train,0.19988961517810822,0.4927339553833008,0.0,4.8771586418151855,0.1803460419178009,0.5407196283340454,0.0,5.590391635894775,0.17511075735092163,0.5323385000228882,0.0,5.578605651855469,0.1543000042438507,0.5289795994758606,0.0,6.193021774291992,93.0
school_sky_f5b1245b2b32,train,0.15805387496948242,0.445879727602005,0.0,5.113148212432861,0.17699140310287476,0.45447713136672974,0.0,4.957668781280518,0.1827520728111267,0.562680721282959,0.0,5.786507606506348,0.15497726202011108,0.5345264077186584,0.0,6.388253688812256,93.0
school_sky_870c934a2660,train,0.1601523607969284,0.48889777064323425,0.0,5.3303446769714355,0.16407479345798492,0.46573787927627563,0.0,5.110044479370117,0.19105064868927002,0.5900946259498596,0.0,5.9068450927734375,0.15348991751670837,0.5251240730285645,0.0,6.14243745803833,93.0
school_sky_9e15b5e65ed9,train,0.15875637531280518,0.5023449063301086,0.0,5.390764236450195,0.1822090446949005,0.504662811756134,0.0,5.107102394104004,0.19109992682933807,0.6088361740112305,0.0,6.099165916442871,0.15906846523284912,0.5466016530990601,0.0,6.454464435577393,93.0
school_sky_56a55ded64e6,train,0.16943341493606567,0.47533246874809265,0.0,5.463919162750244,0.19718581438064575,0.519586443901062,0.0,5.0872955322265625,0.20815028250217438,0.605341374874115,0.0,5.952550411224365,0.1553948074579239,0.5320408344268799,0.0,6.184690475463867,93.0
school_sky_338dba47d28a,train,0.15089693665504456,0.4746444523334503,0.0,5.344627857208252,0.22501341998577118,0.5155942440032959,0.0,4.79339599609375,0.2169368714094162,0.5599421858787537,0.0,5.014431476593018,0.15534427762031555,0.5255360007286072,0.0,6.15617561340332,94.0
school_sky_d6363f8f70d3,train,0.1803460419178009,0.5407196283340454,0.0,5.590391635894775,0.17511075735092163,0.5323385000228882,0.0,5.578605651855469,0.1543000042438507,0.5289795994758606,0.0,6.193021774291992,0.15676991641521454,0.5290454030036926,0.0,6.152517795562744,94.0
school_sky_9fd6039851f2,train,0.17699140310287476,0.45447713136672974,0.0,4.957668781280518,0.1827520728111267,0.562680721282959,0.0,5.786507606506348,0.15497726202011108,0.5345264077186584,0.0,6.388253688812256,0.15492990612983704,0.53128582239151,0.0,6.304322242736816,95.0
school_sky_5c779b3cb56e,train,0.16407479345798492,0.46573787927627563,0.0,5.110044479370117,0.19105064868927002,0.5900946259498596,0.0,5.9068450927734375,0.15348991751670837,0.5251240730285645,0.0,6.14243745803833,0.15961946547031403,0.5296777486801147,0.0,6.126862049102783,95.0
school_sky_852ce4ce3dcd,train,0.1822090446949005,0.504662811756134,0.0,5.107102394104004,0.19109992682933807,0.6088361740112305,0.0,6.099165916442871,0.15906846523284912,0.5466016530990601,0.0,6.454464435577393,0.15500402450561523,0.5294530391693115,0.0,6.233668804168701,95.0
school_sky_a81f2dbe3b9e,train,0.19718581438064575,0.519586443901062,0.0,5.0872955322265625,0.20815028250217438,0.605341374874115,0.0,5.952550411224365,0.1553948074579239,0.5320408344268799,0.0,6.184690475463867,0.15786795318126678,0.5280163288116455,0.0,6.354509353637695,96.0
school_sky_e97ffbfae91a,train,0.19295699894428253,0.5333958864212036,0.0,4.7005228996276855,0.2055242359638214,0.5785107016563416,0.0,5.566125869750977,0.1575973629951477,0.5392100811004639,0.0,6.435067176818848,0.15669873356819153,0.5290729999542236,0.0,6.28865385055542,96.0
school_sky_f13856a727c9,train,0.20518535375595093,0.4632992446422577,0.0,4.237604141235352,0.1610240787267685,0.5004542469978333,0.0,5.100740909576416,0.1541278064250946,0.5261571407318115,0.0,6.369061470031738,0.154683917760849,0.5292344093322754,0.0,6.1328125,96.0
school_sky_9864591f8b27,train,0.1943281590938568,0.5386092066764832,0.0,5.288210868835449,0.1436479389667511,0.5078971982002258,0.0,5.846529483795166,0.15492653846740723,0.5298894047737122,0.0,6.355414867401123,0.15629655122756958,0.5340707898139954,0.0,6.244430065155029,96.0
school_sky_4be902ef977e,train,0.1600717306137085,0.4950830638408661,0.0,5.209890365600586,0.15337827801704407,0.5190954208374023,0.0,5.85883903503418,0.15562014281749725,0.5232312083244324,0.0,6.196721076965332,0.15767905116081238,0.5310828685760498,0.0,5.96604061126709,96.0
school_sky_2d2feedce25a,train,0.19105064868927002,0.5900946259498596,0.0,5.9068450927734375,0.15348991751670837,0.5251240730285645,0.0,6.14243745803833,0.15961946547031403,0.5296777486801147,0.0,6.126862049102783,0.15366597473621368,0.5281322598457336,0.0,6.239729881286621,96.0
school_sky_44bdf5f2581c,train,0.19109992682933807,0.6088361740112305,0.0,6.099165916442871,0.15906846523284912,0.5466016530990601,0.0,6.454464435577393,0.15500402450561523,0.5294530391693115,0.0,6.233668804168701,0.15353602170944214,0.5275219678878784,0.0,6.2558698654174805,96.0
school_sky_b88ef42a037c,train,0.20815028250217438,0.605341374874115,0.0,5.952550411224365,0.1553948074579239,0.5320408344268799,0.0,6.184690475463867,0.15786795318126678,0.5280163288116455,0.0,6.354509353637695,0.14973586797714233,0.5110378861427307,0.0,5.933506965637207,96.0
school_sky_0a14e402f5c2,train,0.2055242359638214,0.5785107016563416,0.0,5.566125869750977,0.1575973629951477,0.5392100811004639,0.0,6.435067176818848,0.15669873356819153,0.5290729999542236,0.0,6.28865385055542,0.15460938215255737,0.5290138125419617,0.0,6.1600847244262695,96.0
school_sky_a9dd7e3e6353,train,0.1610240787267685,0.5004542469978333,0.0,5.100740909576416,0.1541278064250946,0.5261571407318115,0.0,6.369061470031738,0.154683917760849,0.5292344093322754,0.0,6.1328125,0.1516309678554535,0.5176051259040833,0.0,5.953166484832764,96.0
school_sky_27d68b506349,train,0.15337827801704407,0.5190954208374023,0.0,5.85883903503418,0.15562014281749725,0.5232312083244324,0.0,6.196721076965332,0.15767905116081238,0.5310828685760498,0.0,5.96604061126709,0.15805684030056,0.5269505381584167,0.0,6.125103950500488,97.0
school_sky_a3b059a00f61,train,0.15348991751670837,0.5251240730285645,0.0,6.14243745803833,0.15961946547031403,0.5296777486801147,0.0,6.126862049102783,0.15366597473621368,0.5281322598457336,0.0,6.239729881286621,0.15576982498168945,0.5306941866874695,0.0,6.219823360443115,97.0
school_sky_ce20febe9a2b,train,0.15906846523284912,0.5466016530990601,0.0,6.454464435577393,0.15500402450561523,0.5294530391693115,0.0,6.233668804168701,0.15353602170944214,0.5275219678878784,0.0,6.2558698654174805,0.15244141221046448,0.5319632887840271,0.0,6.1559672355651855,97.0
school_sky_d028a00bacb1,train,0.1553948074579239,0.5320408344268799,0.0,6.184690475463867,0.15786795318126678,0.5280163288116455,0.0,6.354509353637695,0.14973586797714233,0.5110378861427307,0.0,5.933506965637207,0.15162497758865356,0.5251582860946655,0.0,6.196751594543457,97.0
school_sky_2cc551111373,train,0.1575973629951477,0.5392100811004639,0.0,6.435067176818848,0.15669873356819153,0.5290729999542236,0.0,6.28865385055542,0.15460938215255737,0.5290138125419617,0.0,6.1600847244262695,0.15569405257701874,0.5340363383293152,0.0,6.3187689781188965,97.0
school_sky_c05b53577f26,train,0.15534427762031555,0.5255360007286072,0.0,6.15617561340332,0.1566973328590393,0.5342833399772644,0.0,6.335989475250244,0.15388885140419006,0.5256596803665161,0.0,5.983892917633057,0.15882554650306702,0.5408930778503418,0.0,6.346380710601807,97.0
school_sky_d5aaf5ef915f,train,0.1541278064250946,0.5261571407318115,0.0,6.369061470031738,0.154683917760849,0.5292344093322754,0.0,6.1328125,0.1516309678554535,0.5176051259040833,0.0,5.953166484832764,0.15857627987861633,0.5266231298446655,0.0,6.42799186706543,97.0
school_sky_7f29e69006b6,validation,0.15672439336776733,0.5310166478157043,0.0,6.235410690307617,0.15459468960762024,0.5359048843383789,0.0,6.358142375946045,0.15508753061294556,0.5240519046783447,0.0,6.029360294342041,0.15549814701080322,0.5317338109016418,0.0,6.292844772338867,96.0
school_sky_27b7543a8af4,validation,0.15494245290756226,0.5333358645439148,0.0,6.249730587005615,0.15298685431480408,0.5295937061309814,0.0,6.149504661560059,0.15195167064666748,0.5281725525856018,0.0,6.2273173332214355,0.1654149293899536,0.5376124382019043,0.0,6.164132118225098,96.0
school_sky_e17bb4734435,validation,0.15517041087150574,0.5260763168334961,0.0,6.220888137817383,0.1557110697031021,0.5334892868995667,0.0,6.3310160636901855,0.15372002124786377,0.5238931775093079,0.0,6.169558048248291,0.15593335032463074,0.5282420516014099,0.0,6.321932792663574,96.0
school_sky_ab61d7a58b48,validation,0.15690326690673828,0.5215322971343994,0.0,6.132938861846924,0.1534094512462616,0.5316009521484375,0.0,6.34093713760376,0.1551990956068039,0.5237233638763428,0.0,6.089990615844727,0.15320119261741638,0.5227775573730469,0.0,6.1139750480651855,96.0
school_sky_971d1a587a39,validation,0.15702208876609802,0.5341171026229858,0.0,6.403219699859619,0.1556720733642578,0.5222073793411255,0.0,6.23345947265625,0.15491393208503723,0.5304295420646667,0.0,6.073392868041992,0.15449585020542145,0.5272824764251709,0.0,6.251328468322754,97.0
school_sky_dbaf4d70d3fa,validation,0.15373073518276215,0.5224056243896484,0.0,6.068004131317139,0.15636587142944336,0.5275978446006775,0.0,6.2955756187438965,0.15641525387763977,0.5284789204597473,0.0,6.200356483459473,0.1519535481929779,0.5275641083717346,0.0,6.232295989990234,97.0
school_sky_63d79f2c1947,validation,0.1570843756198883,0.5308215618133545,0.0,6.198422908782959,0.1548231542110443,0.5325394868850708,0.0,6.243598461151123,0.1583353579044342,0.5351461172103882,0.0,6.2263641357421875,0.1585884541273117,0.5327162146568298,0.0,6.139168739318848,97.0
school_sky_da18981a1605,validation,0.15459468960762024,0.5359048843383789,0.0,6.358142375946045,0.15508753061294556,0.5240519046783447,0.0,6.029360294342041,0.15549814701080322,0.5317338109016418,0.0,6.292844772338867,0.15829648077487946,0.530788004398346,0.0,6.152376651763916,97.0
school_sky_c29f135412dd,validation,0.15298685431480408,0.5295937061309814,0.0,6.149504661560059,0.15195167064666748,0.5281725525856018,0.0,6.2273173332214355,0.1654149293899536,0.5376124382019043,0.0,6.164132118225098,0.15212199091911316,0.5236526131629944,0.0,6.018589496612549,97.0
school_sky_a21ace9d24d2,validation,0.1557110697031021,0.5334892868995667,0.0,6.3310160636901855,0.15372002124786377,0.5238931775093079,0.0,6.169558048248291,0.15593335032463074,0.5282420516014099,0.0,6.321932792663574,0.15026794373989105,0.5237196683883667,0.0,5.92797327041626,97.0
school_sky_001e96fc16e4,validation,0.1571255475282669,0.5321220755577087,0.0,6.252834796905518,0.15635532140731812,0.5263538956642151,0.0,6.193648815155029,0.15455952286720276,0.5298831462860107,0.0,6.225409984588623,0.2062460482120514,0.5554589033126831,0.0,4.990723609924316,97.0
school_sky_c3ef2205207c,validation,0.15636587142944336,0.5275978446006775,0.0,6.2955756187438965,0.15641525387763977,0.5284789204597473,0.0,6.200356483459473,0.1519535481929779,0.5275641083717346,0.0,6.232295989990234,0.23086604475975037,0.6193003058433533,0.0,5.982759475708008,97.0
school_sky_992bc2bad0ba,validation,0.1527382731437683,0.5316100716590881,0.0,6.3002448081970215,0.15658847987651825,0.5320010781288147,0.0,6.234704971313477,0.15487369894981384,0.5245766639709473,0.0,6.080118656158447,0.21811139583587646,0.6989697813987732,0.0,7.322897434234619,97.0
school_sky_817772a4d425,validation,0.1548231542110443,0.5325394868850708,0.0,6.243598461151123,0.1583353579044342,0.5351461172103882,0.0,6.2263641357421875,0.1585884541273117,0.5327162146568298,0.0,6.139168739318848,0.19124966859817505,0.5758222937583923,0.0,6.188363075256348,97.0
school_sky_fe1b146cf9d9,validation,0.15508753061294556,0.5240519046783447,0.0,6.029360294342041,0.15549814701080322,0.5317338109016418,0.0,6.292844772338867,0.15829648077487946,0.530788004398346,0.0,6.152376651763916,0.18062067031860352,0.5232463479042053,0.0,5.387892246246338,97.0
school_sky_08fe8aa9aca2,validation,0.15372002124786377,0.5238931775093079,0.0,6.169558048248291,0.15593335032463074,0.5282420516014099,0.0,6.321932792663574,0.15026794373989105,0.5237196683883667,0.0,5.92797327041626,0.18212983012199402,0.5494474172592163,0.0,5.427943706512451,97.0
school_sky_ba95cec4901a,validation,0.15635532140731812,0.5263538956642151,0.0,6.193648815155029,0.15455952286720276,0.5298831462860107,0.0,6.225409984588623,0.2062460482120514,0.5554589033126831,0.0,4.990723609924316,0.14525452256202698,0.44484370946884155,0.0,4.815462589263916,97.0
school_sky_69b7ca8f6674,validation,0.15641525387763977,0.5284789204597473,0.0,6.200356483459473,0.1519535481929779,0.5275641083717346,0.0,6.232295989990234,0.23086604475975037,0.6193003058433533,0.0,5.982759475708008,0.1479729264974594,0.46462076902389526,0.0,5.054394245147705,96.0
school_sky_888afff18eec,validation,0.1583353579044342,0.5351461172103882,0.0,6.2263641357421875,0.1585884541273117,0.5327162146568298,0.0,6.139168739318848,0.19124966859817505,0.5758222937583923,0.0,6.188363075256348,0.1561114490032196,0.4953339993953705,0.0,5.46666955947876,96.0
school_sky_3ec95d8005d4,validation,0.15549814701080322,0.5317338109016418,0.0,6.292844772338867,0.15829648077487946,0.530788004398346,0.0,6.152376651763916,0.18062067031860352,0.5232463479042053,0.0,5.387892246246338,0.18100368976593018,0.47258684039115906,0.0,5.038845539093018,95.0
school_sky_3c9ad43e0a6e,validation,0.15593335032463074,0.5282420516014099,0.0,6.321932792663574,0.15026794373989105,0.5237196683883667,0.0,5.92797327041626,0.18212983012199402,0.5494474172592163,0.0,5.427943706512451,0.16101935505867004,0.44364628195762634,0.0,4.929299831390381,95.0
school_sky_93c081e1aadb,validation,0.15449585020542145,0.5272824764251709,0.0,6.251328468322754,0.1530378758907318,0.5020878911018372,0.0,5.418091773986816,0.16441266238689423,0.5324112176895142,0.0,5.550786972045898,0.15260304510593414,0.5061517953872681,0.0,5.208764553070068,93.0
school_sky_5b391a9462ca,validation,0.15455952286720276,0.5298831462860107,0.0,6.225409984588623,0.2062460482120514,0.5554589033126831,0.0,4.990723609924316,0.14525452256202698,0.44484370946884155,0.0,4.815462589263916,0.15616486966609955,0.4940398037433624,0.0,5.297143936157227,94.0
school_sky_b75380847b0c,validation,0.1585884541273117,0.5327162146568298,0.0,6.139168739318848,0.19124966859817505,0.5758222937583923,0.0,6.188363075256348,0.1561114490032196,0.4953339993953705,0.0,5.46666955947876,0.1758502870798111,0.5738264322280884,0.0,6.026061058044434,92.0
school_sky_4a8684080c39,validation,0.15829648077487946,0.530788004398346,0.0,6.152376651763916,0.18062067031860352,0.5232463479042053,0.0,5.387892246246338,0.18100368976593018,0.47258684039115906,0.0,5.038845539093018,0.22237363457679749,0.5568304657936096,0.0,4.680133819580078,91.0
school_sky_3975378fc978,validation,0.15026794373989105,0.5237196683883667,0.0,5.92797327041626,0.18212983012199402,0.5494474172592163,0.0,5.427943706512451,0.16101935505867004,0.44364628195762634,0.0,4.929299831390381,0.19617828726768494,0.5537579655647278,0.0,5.413755416870117,93.0
school_sky_a8ae2dfb8237,validation,0.3303249478340149,0.5479780435562134,0.0,6.0097455978393555,0.4617481827735901,0.6973007321357727,0.0,7.574153900146484,0.599367082118988,0.7100184559822083,0.0,6.486841678619385,0.3698207139968872,0.6102567911148071,0.0,6.870975494384766,64.0
school_sky_1684e2551b28,validation,0.35884442925453186,0.6882722973823547,0.0,8.13077163696289,0.4481809735298157,0.6992493271827698,0.0,8.56529712677002,0.42950624227523804,0.7172636985778809,0.0,8.339436531066895,0.3741159439086914,0.6032567620277405,0.0,6.835765361785889,66.0
school_sky_210a39b739ea,validation,0.32326608896255493,0.6308026909828186,0.0,6.607024192810059,0.43975600600242615,0.643272876739502,0.0,6.647880554199219,0.4173157513141632,0.6539032459259033,0.0,7.030032157897949,0.3170280158519745,0.6431233286857605,0.0,7.377041816711426,67.0
school_sky_fb15c28d88b8,validation,0.395315945148468,0.6074002981185913,0.0,6.324678421020508,0.4605165719985962,0.6704356670379639,0.0,7.267300605773926,0.34800615906715393,0.6431614756584167,0.0,7.7063398361206055,0.3165479898452759,0.5505198836326599,0.0,6.7246623039245605,68.0
school_sky_fa9789b4109a,validation,0.5555698871612549,0.6059718728065491,0.0,5.329113960266113,0.3883187770843506,0.6265320777893066,0.0,7.831905364990234,0.41885673999786377,0.624263346195221,0.0,6.8649067878723145,0.3471753001213074,0.6298632621765137,0.0,6.744626998901367,66.0
school_sky_89d196b4a0d7,validation,0.4617481827735901,0.6973007321357727,0.0,7.574153900146484,0.599367082118988,0.7100184559822083,0.0,6.486841678619385,0.3698207139968872,0.6102567911148071,0.0,6.870975494384766,0.3359718918800354,0.6130606532096863,0.0,7.327260494232178,69.0
school_sky_256abef1675c,validation,0.565200924873352,0.8018432259559631,0.0,7.351977348327637,0.43389999866485596,0.6887226104736328,0.0,8.011679649353027,0.3213725686073303,0.6026745438575745,0.0,6.641854286193848,0.33342552185058594,0.6088258028030396,0.0,6.643527030944824,68.0
school_sky_9d94cbca5cb9,validation,0.43975600600242615,0.643272876739502,0.0,6.647880554199219,0.4173157513141632,0.6539032459259033,0.0,7.030032157897949,0.3170280158519745,0.6431233286857605,0.0,7.377041816711426,0.31406205892562866,0.5964400768280029,0.0,6.275922775268555,67.0
school_sky_3fa417563fac,validation,0.3534599840641022,0.5995322465896606,0.0,7.179887771606445,0.42293280363082886,0.6691612005233765,0.0,7.916905879974365,0.3635905683040619,0.6517221927642822,0.0,7.550458908081055,0.3856775164604187,0.6261408925056458,0.0,6.925348281860352,68.0
school_sky_abaa5740f9fc,validation,0.4605165719985962,0.6704356670379639,0.0,7.267300605773926,0.34800615906715393,0.6431614756584167,0.0,7.7063398361206055,0.3165479898452759,0.5505198836326599,0.0,6.7246623039245605,0.4108954071998596,0.639313280582428,0.0,6.449295997619629,74.0
school_sky_4bfc0144889f,validation,0.3883187770843506,0.6265320777893066,0.0,7.831905364990234,0.41885673999786377,0.624263346195221,0.0,6.8649067878723145,0.3471753001213074,0.6298632621765137,0.0,6.744626998901367,0.3928350508213043,0.5924382209777832,0.0,5.423028469085693,75.0
school_sky_0b615e4c88ee,validation,0.599367082118988,0.7100184559822083,0.0,6.486841678619385,0.3698207139968872,0.6102567911148071,0.0,6.870975494384766,0.3359718918800354,0.6130606532096863,0.0,7.327260494232178,0.41525280475616455,0.6103175282478333,0.0,5.341701030731201,76.0
school_sky_d7cf1e1853d2,validation,0.43389999866485596,0.6887226104736328,0.0,8.011679649353027,0.3213725686073303,0.6026745438575745,0.0,6.641854286193848,0.33342552185058594,0.6088258028030396,0.0,6.643527030944824,0.3051888942718506,0.5980410575866699,0.0,5.561106204986572,76.0
school_sky_a3d526bfb28e,validation,0.41592341661453247,0.5990339517593384,0.0,5.543050765991211,0.30179986357688904,0.5626527667045593,0.0,6.189342021942139,0.4166635572910309,0.5749025344848633,0.0,5.155634880065918,0.26670002937316895,0.5336297750473022,0.0,5.407361030578613,77.0
school_sky_97cf7e77d4d3,validation,0.42293280363082886,0.6691612005233765,0.0,7.916905879974365,0.3635905683040619,0.6517221927642822,0.0,7.550458908081055,0.3856775164604187,0.6261408925056458,0.0,6.925348281860352,0.27255871891975403,0.542022168636322,0.0,5.704585552215576,78.0
school_sky_829b06e138b2,validation,0.3406539261341095,0.6018036603927612,0.0,6.717820167541504,0.35393375158309937,0.6710950136184692,0.0,7.129049301147461,0.39645516872406006,0.5894250869750977,0.0,6.178035736083984,0.27755987644195557,0.5630140900611877,0.0,5.89017915725708,77.0
school_sky_e7f5b9f9f833,validation,0.34800615906715393,0.6431614756584167,0.0,7.7063398361206055,0.3165479898452759,0.5505198836326599,0.0,6.7246623039245605,0.4108954071998596,0.639313280582428,0.0,6.449295997619629,0.35894274711608887,0.6163841485977173,0.0,7.376220703125,78.0
school_sky_a0fd3efe63ed,validation,0.41885673999786377,0.624263346195221,0.0,6.8649067878723145,0.3471753001213074,0.6298632621765137,0.0,6.744626998901367,0.3928350508213043,0.5924382209777832,0.0,5.423028469085693,0.28871315717697144,0.557354211807251,0.0,5.345415115356445,80.0
school_sky_f9bbcabf471a,validation,0.34959813952445984,0.6371769309043884,0.0,7.408889293670654,0.32576829195022583,0.6189001202583313,0.0,6.560836315155029,0.3046240210533142,0.6015992760658264,0.0,6.448399066925049,0.2121661901473999,0.49464619159698486,0.0,4.612283229827881,80.0
school_sky_78bb72dad9c0,validation,0.3698207139968872,0.6102567911148071,0.0,6.870975494384766,0.3359718918800354,0.6130606532096863,0.0,7.327260494232178,0.41525280475616455,0.6103175282478333,0.0,5.341701030731201,0.1810188591480255,0.476368248462677,0.0,4.7701005935668945,80.0
school_sky_ddc15931f9f9,validation,0.30179986357688904,0.5626527667045593,0.0,6.189342021942139,0.4166635572910309,0.5749025344848633,0.0,5.155634880065918,0.26670002937316895,0.5336297750473022,0.0,5.407361030578613,0.20186947286128998,0.5188857913017273,0.0,4.261547565460205,81.0
school_sky_32dc1e7101fe,validation,0.35393375158309937,0.6710950136184692,0.0,7.129049301147461,0.39645516872406006,0.5894250869750977,0.0,6.178035736083984,0.27755987644195557,0.5630140900611877,0.0,5.89017915725708,0.19698689877986908,0.5118921995162964,0.0,4.468852519989014,83.0
school_sky_6100abf4194d,validation,0.31797775626182556,0.6007865071296692,0.0,6.47093391418457,0.40771910548210144,0.6143900156021118,0.0,5.52296781539917,0.2667849361896515,0.5496346354484558,0.0,6.06493616104126,0.13489146530628204,0.4729412794113159,0.0,5.682554244995117,84.0
school_sky_09467d55e9ff,validation,0.3471753001213074,0.6298632621765137,0.0,6.744626998901367,0.3928350508213043,0.5924382209777832,0.0,5.423028469085693,0.28871315717697144,0.557354211807251,0.0,5.345415115356445,0.13861632347106934,0.48332077264785767,0.0,5.957808971405029,84.0
school_sky_dda19cdde33b,validation,0.32576829195022583,0.6189001202583313,0.0,6.560836315155029,0.3046240210533142,0.6015992760658264,0.0,6.448399066925049,0.2121661901473999,0.49464619159698486,0.0,4.612283229827881,0.14357523620128632,0.49879008531570435,0.0,5.737020492553711,84.0
school_sky_a2bcae0e15c3,validation,0.33342552185058594,0.6088258028030396,0.0,6.643527030944824,0.3051888942718506,0.5980410575866699,0.0,5.561106204986572,0.25367626547813416,0.5940478444099426,0.0,6.2747344970703125,0.14358001947402954,0.5041674971580505,0.0,5.56742525100708,84.0
school_sky_2d4b0a6b8c43,validation,0.39645516872406006,0.5894250869750977,0.0,6.178035736083984,0.27755987644195557,0.5630140900611877,0.0,5.89017915725708,0.19698689877986908,0.5118921995162964,0.0,4.468852519989014,0.14659860730171204,0.5067973136901855,0.0,5.605500221252441,88.0
school_sky_c2b0b84cfb93,validation,0.3928350508213043,0.5924382209777832,0.0,5.423028469085693,0.28871315717697144,0.557354211807251,0.0,5.345415115356445,0.13861632347106934,0.48332077264785767,0.0,5.957808971405029,0.1495443880558014,0.5119804739952087,0.0,5.521049499511719,89.0
school_sky_afe4a0e0c817,validation,0.3051888942718506,0.5980410575866699,0.0,5.561106204986572,0.25367626547813416,0.5940478444099426,0.0,6.2747344970703125,0.14358001947402954,0.5041674971580505,0.0,5.56742525100708,0.14641286432743073,0.5085189342498779,0.0,5.59727144241333,93.0
school_sky_1691fe56e3be,validation,0.27255871891975403,0.542022168636322,0.0,5.704585552215576,0.19593556225299835,0.5802974700927734,0.0,5.4249677658081055,0.1473301649093628,0.5135838389396667,0.0,5.7060956954956055,0.14514806866645813,0.5002784132957458,0.0,5.514803409576416,92.0
school_sky_c1acfe8de93f,validation,0.27755987644195557,0.5630140900611877,0.0,5.89017915725708,0.19698689877986908,0.5118921995162964,0.0,4.468852519989014,0.14659860730171204,0.5067973136901855,0.0,5.605500221252441,0.15443971753120422,0.5080490708351135,0.0,5.477458477020264,92.0
school_sky_9d7c255568ac,validation,0.28871315717697144,0.557354211807251,0.0,5.345415115356445,0.13861632347106934,0.48332077264785767,0.0,5.957808971405029,0.1495443880558014,0.5119804739952087,0.0,5.521049499511719,0.15433093905448914,0.5069350600242615,0.0,5.660148620605469,92.0
school_sky_526423a0786b,validation,0.15742893517017365,0.505997896194458,0.0,5.754014492034912,0.14169663190841675,0.5029433369636536,0.0,5.49794340133667,0.1437605917453766,0.5098890066146851,0.0,5.633131980895996,0.1500077247619629,0.5061497688293457,0.0,5.744368553161621,92.0
school_sky_4dac34a955c5,validation,0.25367626547813416,0.5940478444099426,0.0,6.2747344970703125,0.14358001947402954,0.5041674971580505,0.0,5.56742525100708,0.14641286432743073,0.5085189342498779,0.0,5.59727144241333,0.1522998809814453,0.5147929191589355,0.0,5.62816047668457,93.0
school_sky_00569d6ad602,validation,0.1916702836751938,0.6054823994636536,0.0,5.812310695648193,0.15192487835884094,0.5045182704925537,0.0,5.486332893371582,0.1496497094631195,0.5100565552711487,0.0,5.532134056091309,0.14589163661003113,0.5111546516418457,0.0,5.626699924468994,93.0
school_sky_610237966148,validation,0.20186947286128998,0.5188857913017273,0.0,4.261547565460205,0.14872124791145325,0.5073184967041016,0.0,5.560193061828613,0.14406588673591614,0.5035887360572815,0.0,5.5508832931518555,0.14754341542720795,0.512471616268158,0.0,5.670053958892822,93.0
school_sky_cc9f4efd3e7c,validation,0.13861632347106934,0.48332077264785767,0.0,5.957808971405029,0.1495443880558014,0.5119804739952087,0.0,5.521049499511719,0.15433093905448914,0.5069350600242615,0.0,5.660148620605469,0.15723001956939697,0.5165796875953674,0.0,5.666514873504639,94.0
school_sky_7999df51720c,validation,0.14357523620128632,0.49879008531570435,0.0,5.737020492553711,0.14522309601306915,0.5112960338592529,0.0,5.567844867706299,0.14452683925628662,0.5035024881362915,0.0,5.527563571929932,0.1557336002588272,0.5137346982955933,0.0,5.566676616668701,94.0
school_sky_d484c6081eb9,validation,0.14169663190841675,0.5029433369636536,0.0,5.49794340133667,0.1437605917453766,0.5098890066146851,0.0,5.633131980895996,0.1500077247619629,0.5061497688293457,0.0,5.744368553161621,0.14941224455833435,0.5125755071640015,0.0,5.579995632171631,94.0
school_sky_abb338f7d563,validation,0.15192487835884094,0.5045182704925537,0.0,5.486332893371582,0.1496497094631195,0.5100565552711487,0.0,5.532134056091309,0.14589163661003113,0.5111546516418457,0.0,5.626699924468994,0.14670735597610474,0.5072066187858582,0.0,5.580920219421387,94.0
school_sky_daecca9151c7,validation,0.14696505665779114,0.5065528154373169,0.0,5.590331077575684,0.14615215361118317,0.5066575407981873,0.0,5.584582328796387,0.1454639434814453,0.5045078992843628,0.0,5.609189510345459,0.1595013290643692,0.5231701135635376,0.0,5.6678876876831055,93.0
school_sky_2e269e77b73f,validation,0.1495443880558014,0.5119804739952087,0.0,5.521049499511719,0.15433093905448914,0.5069350600242615,0.0,5.660148620605469,0.15723001956939697,0.5165796875953674,0.0,5.666514873504639,0.14664874970912933,0.5107954740524292,0.0,5.656639099121094,94.0
school_sky_fad6b9b95aaf,validation,0.14522309601306915,0.5112960338592529,0.0,5.567844867706299,0.14452683925628662,0.5035024881362915,0.0,5.527563571929932,0.1557336002588272,0.5137346982955933,0.0,5.566676616668701,0.15725447237491608,0.5234791040420532,0.0,5.817061424255371,94.0
school_sky_67ac96ba833c,validation,0.1437605917453766,0.5098890066146851,0.0,5.633131980895996,0.1500077247619629,0.5061497688293457,0.0,5.744368553161621,0.14941224455833435,0.5125755071640015,0.0,5.579995632171631,0.14776785671710968,0.5174018144607544,0.0,5.72000789642334,94.0
school_sky_95c4ab75181f,validation,0.14514806866645813,0.5002784132957458,0.0,5.514803409576416,0.15052294731140137,0.5107628107070923,0.0,5.597689628601074,0.15212877094745636,0.5119131803512573,0.0,5.621952533721924,0.15541976690292358,0.5202322006225586,0.0,5.765108108520508,95.0
school_sky_ea27171ab202,validation,0.15443971753120422,0.5080490708351135,0.0,5.477458477020264,0.14838410913944244,0.5128374099731445,0.0,5.619138240814209,0.15908820927143097,0.5227828025817871,0.0,5.756962776184082,0.14811056852340698,0.511855959892273,0.0,5.658348560333252,95.0
school_sky_0e30af3f4e6a,validation,0.14615215361118317,0.5066575407981873,0.0,5.584582328796387,0.1454639434814453,0.5045078992843628,0.0,5.609189510345459,0.1595013290643692,0.5231701135635376,0.0,5.6678876876831055,0.15412679314613342,0.5207749009132385,0.0,5.638722896575928,96.0
school_sky_fdf26f97e1c1,validation,0.14754341542720795,0.512471616268158,0.0,5.670053958892822,0.15428349375724792,0.5243146419525146,0.0,5.736148834228516,0.15555575489997864,0.516627848148346,0.0,5.695420265197754,0.15173807740211487,0.504831850528717,0.0,5.598788261413574,96.0
school_sky_0f94cda8867c,validation,0.15052294731140137,0.5107628107070923,0.0,5.597689628601074,0.15212877094745636,0.5119131803512573,0.0,5.621952533721924,0.15541976690292358,0.5202322006225586,0.0,5.765108108520508,0.15290361642837524,0.5215503573417664,0.0,5.83711051940918,96.0
school_sky_28bebcbc90ec,validation,0.14838410913944244,0.5128374099731445,0.0,5.619138240814209,0.15908820927143097,0.5227828025817871,0.0,5.756962776184082,0.14811056852340698,0.511855959892273,0.0,5.658348560333252,0.1573629081249237,0.527549684047699,0.0,5.720837593078613,96.0
school_sky_06bc810ff485,validation,0.15265730023384094,0.5172870755195618,0.0,5.668982982635498,0.15383723378181458,0.5135272741317749,0.0,5.681732177734375,0.15672136843204498,0.5257430076599121,0.0,5.751893043518066,0.15295252203941345,0.5140965580940247,0.0,5.661556243896484,96.0
school_sky_31d6172db1e8,validation,0.14670735597610474,0.5072066187858582,0.0,5.580920219421387,0.15212427079677582,0.52399742603302,0.0,5.84433650970459,0.14736944437026978,0.5075703859329224,0.0,5.576751708984375,0.14772799611091614,0.5046000480651855,0.0,5.57539701461792,96.0
school_sky_493627b020fa,validation,0.15212877094745636,0.5119131803512573,0.0,5.621952533721924,0.15541976690292358,0.5202322006225586,0.0,5.765108108520508,0.15290361642837524,0.5215503573417664,0.0,5.83711051940918,0.1544797420501709,0.5237218737602234,0.0,5.836367130279541,96.0
school_sky_6a9e5b304b8d,validation,0.15383723378181458,0.5135272741317749,0.0,5.681732177734375,0.15672136843204498,0.5257430076599121,0.0,5.751893043518066,0.15295252203941345,0.5140965580940247,0.0,5.661556243896484,0.1578586995601654,0.5160090923309326,0.0,5.769051551818848,96.0
school_sky_6996d95cadce,validation,0.15725447237491608,0.5234791040420532,0.0,5.817061424255371,0.1462763547897339,0.5101516842842102,0.0,5.636919021606445,0.15418487787246704,0.5142905116081238,0.0,5.691617965698242,0.1564725935459137,0.5177821516990662,0.0,5.746560096740723,94.0
school_sky_2fdc01dd6ac3,validation,0.14776785671710968,0.5174018144607544,0.0,5.72000789642334,0.1438664197921753,0.503302812576294,0.0,5.528508186340332,0.15282651782035828,0.51091068983078,0.0,5.698134899139404,0.15570667386054993,0.5172338485717773,0.0,5.741674423217773,94.0
school_sky_70811e7214ec,validation,0.15212427079677582,0.52399742603302,0.0,5.84433650970459,0.14736944437026978,0.5075703859329224,0.0,5.576751708984375,0.14772799611091614,0.5046000480651855,0.0,5.57539701461792,0.15323498845100403,0.526780366897583,0.0,5.719305515289307,94.0
school_sky_07d3f3816f19,validation,0.15541976690292358,0.5202322006225586,0.0,5.765108108520508,0.15290361642837524,0.5215503573417664,0.0,5.83711051940918,0.1544797420501709,0.5237218737602234,0.0,5.836367130279541,0.15761567652225494,0.5231404900550842,0.0,5.935329914093018,95.0
school_sky_3e392a7a9fe3,validation,0.15672136843204498,0.5257430076599121,0.0,5.751893043518066,0.15295252203941345,0.5140965580940247,0.0,5.661556243896484,0.1578586995601654,0.5160090923309326,0.0,5.769051551818848,0.14801260828971863,0.5088182687759399,0.0,5.6456990242004395,95.0
school_sky_958f0050feda,validation,0.15412679314613342,0.5207749009132385,0.0,5.638722896575928,0.154219388961792,0.515191912651062,0.0,5.562425136566162,0.15390807390213013,0.5222188234329224,0.0,5.769827365875244,0.1514320969581604,0.5124261975288391,0.0,5.5945563316345215,95.0
school_sky_c86a289440e9,validation,0.15627549588680267,0.5225694179534912,0.0,5.651354789733887,0.1494639813899994,0.5159273743629456,0.0,5.612215042114258,0.15642306208610535,0.5166454315185547,0.0,5.71072244644165,0.15264762938022614,0.5252560377120972,0.0,5.887128829956055,95.0
school_sky_bc244e2d9217,validation,0.1462763547897339,0.5101516842842102,0.0,5.636919021606445,0.15418487787246704,0.5142905116081238,0.0,5.691617965698242,0.1564725935459137,0.5177821516990662,0.0,5.746560096740723,0.15107786655426025,0.5099607110023499,0.0,5.657421588897705,95.0
school_sky_70222cf1d72b,validation,0.1438664197921753,0.503302812576294,0.0,5.528508186340332,0.15282651782035828,0.51091068983078,0.0,5.698134899139404,0.15570667386054993,0.5172338485717773,0.0,5.741674423217773,0.15091314911842346,0.5181140303611755,0.0,5.821951389312744,95.0
school_sky_a962792dd7b1,validation,0.14736944437026978,0.5075703859329224,0.0,5.576751708984375,0.14772799611091614,0.5046000480651855,0.0,5.57539701461792,0.15323498845100403,0.526780366897583,0.0,5.719305515289307,0.15403598546981812,0.5204285383224487,0.0,5.867265701293945,95.0
school_sky_c3759ca9416b,validation,0.15173807740211487,0.504831850528717,0.0,5.598788261413574,0.15126608312129974,0.5173701047897339,0.0,5.810606479644775,0.15701739490032196,0.5133413672447205,0.0,5.707021236419678,0.15402042865753174,0.5192686319351196,0.0,5.8940019607543945,96.0
school_sky_826e740621ad,validation,0.15290361642837524,0.5215503573417664,0.0,5.83711051940918,0.1544797420501709,0.5237218737602234,0.0,5.836367130279541,0.15761567652225494,0.5231404900550842,0.0,5.935329914093018,0.15455086529254913,0.5203703045845032,0.0,5.715127468109131,95.0
school_sky_78229f217109,validation,0.15295252203941345,0.5140965580940247,0.0,5.661556243896484,0.1578586995601654,0.5160090923309326,0.0,5.769051551818848,0.14801260828971863,0.5088182687759399,0.0,5.6456990242004395,0.155156210064888,0.5206676721572876,0.0,5.848260879516602,96.0
school_sky_38541fc93ee6,validation,0.15282651782035828,0.51091068983078,0.0,5.698134899139404,0.15570667386054993,0.5172338485717773,0.0,5.741674423217773,0.15091314911842346,0.5181140303611755,0.0,5.821951389312744,0.15227775275707245,0.501030445098877,0.0,5.7277984619140625,97.0
school_sky_fe47d2025adb,validation,0.14772799611091614,0.5046000480651855,0.0,5.57539701461792,0.15323498845100403,0.526780366897583,0.0,5.719305515289307,0.15403598546981812,0.5204285383224487,0.0,5.867265701293945,0.26305654644966125,0.6326159834861755,0.0,5.943778991699219,97.0
school_sky_7cb8f5470b10,validation,0.1544797420501709,0.5237218737602234,0.0,5.836367130279541,0.15761567652225494,0.5231404900550842,0.0,5.935329914093018,0.15455086529254913,0.5203703045845032,0.0,5.715127468109131,0.23427239060401917,0.662595808506012,0.0,7.558286666870117,97.0
school_sky_12a7bf8591f1,validation,0.1578586995601654,0.5160090923309326,0.0,5.769051551818848,0.14801260828971863,0.5088182687759399,0.0,5.6456990242004395,0.155156210064888,0.5206676721572876,0.0,5.848260879516602,0.215392604470253,0.5301741361618042,0.0,5.422780513763428,96.0
school_sky_315a27a21464,validation,0.15165451169013977,0.5074787139892578,0.0,5.52528715133667,0.1624920666217804,0.5262565016746521,0.0,5.7680344581604,0.15472835302352905,0.5060169100761414,0.0,5.575881481170654,0.1839454621076584,0.5377544164657593,0.0,5.842660427093506,97.0
school_sky_41f01112697e,validation,0.15570667386054993,0.5172338485717773,0.0,5.741674423217773,0.15091314911842346,0.5181140303611755,0.0,5.821951389312744,0.15227775275707245,0.501030445098877,0.0,5.7277984619140625,0.18391692638397217,0.5476171970367432,0.0,5.809861660003662,97.0
school_sky_61fcc0b1f354,validation,0.15591007471084595,0.5171300172805786,0.0,5.848128318786621,0.16069042682647705,0.5249194502830505,0.0,5.762763500213623,0.21226875483989716,0.5777937173843384,0.0,6.026194095611572,0.18418990075588226,0.5501766800880432,0.0,6.079611301422119,97.0
school_sky_131cbe8e5c58,validation,0.15323498845100403,0.526780366897583,0.0,5.719305515289307,0.15403598546981812,0.5204285383224487,0.0,5.867265701293945,0.26305654644966125,0.6326159834861755,0.0,5.943778991699219,0.1961643546819687,0.48389217257499695,0.0,4.618149757385254,96.0
school_sky_46561161fb38,validation,0.15761567652225494,0.5231404900550842,0.0,5.935329914093018,0.15455086529254913,0.5203703045845032,0.0,5.715127468109131,0.23427239060401917,0.662595808506012,0.0,7.558286666870117,0.2875620722770691,0.5701537132263184,0.0,5.812209606170654,97.0
school_sky_471006eee7f1,validation,0.14801260828971863,0.5088182687759399,0.0,5.6456990242004395,0.155156210064888,0.5206676721572876,0.0,5.848260879516602,0.215392604470253,0.5301741361618042,0.0,5.422780513763428,0.34981629252433777,0.6276462078094482,0.0,6.352598190307617,95.0
school_sky_f2a157895f6a,validation,0.15107786655426025,0.5099607110023499,0.0,5.657421588897705,0.15697109699249268,0.5229470133781433,0.0,5.764822483062744,0.18388433754444122,0.5584875345230103,0.0,6.149074077606201,0.18667222559452057,0.54856938123703,0.0,6.123476982116699,94.0
school_sky_16174e4b790d,validation,0.1624920666217804,0.5262565016746521,0.0,5.7680344581604,0.15472835302352905,0.5060169100761414,0.0,5.575881481170654,0.1839454621076584,0.5377544164657593,0.0,5.842660427093506,0.19769640266895294,0.5640875101089478,0.0,6.314548492431641,94.0
school_sky_b69d503df8dc,validation,0.15091314911842346,0.5181140303611755,0.0,5.821951389312744,0.15227775275707245,0.501030445098877,0.0,5.7277984619140625,0.18391692638397217,0.5476171970367432,0.0,5.809861660003662,0.23760050535202026,0.4668881595134735,0.0,4.691298961639404,95.0
school_sky_77c817dd73ea,validation,0.15571844577789307,0.5214974880218506,0.0,5.8705034255981445,0.14722056686878204,0.49077197909355164,0.0,5.494110584259033,0.19118474423885345,0.5356993675231934,0.0,5.711228847503662,0.26743197441101074,0.5003681182861328,0.0,4.727104663848877,94.0
school_sky_c991329cba70,validation,0.16069042682647705,0.5249194502830505,0.0,5.762763500213623,0.21226875483989716,0.5777937173843384,0.0,6.026194095611572,0.18418990075588226,0.5501766800880432,0.0,6.079611301422119,0.2870289087295532,0.5343398451805115,0.0,5.12335205078125,90.0
school_sky_d6f09add7c79,validation,0.15403598546981812,0.5204285383224487,0.0,5.867265701293945,0.26305654644966125,0.6326159834861755,0.0,5.943778991699219,0.1961643546819687,0.48389217257499695,0.0,4.618149757385254,0.2671116590499878,0.5202077031135559,0.0,4.920863628387451,95.0
school_sky_d122cb8c09a4,validation,0.15455086529254913,0.5203703045845032,0.0,5.715127468109131,0.23427239060401917,0.662595808506012,0.0,7.558286666870117,0.2875620722770691,0.5701537132263184,0.0,5.812209606170654,0.3575037717819214,0.5763609409332275,0.0,4.844236850738525,92.0
school_sky_15251c545f30,validation,0.155156210064888,0.5206676721572876,0.0,5.848260879516602,0.215392604470253,0.5301741361618042,0.0,5.422780513763428,0.34981629252433777,0.6276462078094482,0.0,6.352598190307617,0.36531907320022583,0.5825667381286621,0.0,4.736441135406494,90.0
school_sky_8c7041b4d4ef,validation,0.15165621042251587,0.5145469903945923,0.0,5.719457626342773,0.20095357298851013,0.5690775513648987,0.0,6.183122634887695,0.27935272455215454,0.5678263306617737,0.0,5.424376487731934,0.3788101077079773,0.6017352342605591,0.0,5.045740127563477,88.0
school_sky_102d4366de9c,validation,0.14722056686878204,0.49077197909355164,0.0,5.494110584259033,0.19118474423885345,0.5356993675231934,0.0,5.711228847503662,0.26743197441101074,0.5003681182861328,0.0,4.727104663848877,0.3475160002708435,0.5574248433113098,0.0,4.529005527496338,83.0
school_sky_1414d1b41f4c,validation,0.21226875483989716,0.5777937173843384,0.0,6.026194095611572,0.18418990075588226,0.5501766800880432,0.0,6.079611301422119,0.2870289087295532,0.5343398451805115,0.0,5.12335205078125,0.36684900522232056,0.5765984058380127,0.0,4.711855411529541,80.0
school_sky_a161328a513e,validation,0.23427239060401917,0.662595808506012,0.0,7.558286666870117,0.2875620722770691,0.5701537132263184,0.0,5.812209606170654,0.3575037717819214,0.5763609409332275,0.0,4.844236850738525,0.3943828344345093,0.5995609760284424,0.0,4.690421104431152,79.0
school_sky_fec9430954d7,validation,0.215392604470253,0.5301741361618042,0.0,5.422780513763428,0.34981629252433777,0.6276462078094482,0.0,6.352598190307617,0.36531907320022583,0.5825667381286621,0.0,4.736441135406494,0.3844504654407501,0.6379393935203552,0.0,4.9928364753723145,78.0
school_sky_d73c53062bde,validation,0.20095357298851013,0.5690775513648987,0.0,6.183122634887695,0.27935272455215454,0.5678263306617737,0.0,5.424376487731934,0.3788101077079773,0.6017352342605591,0.0,5.045740127563477,0.352181077003479,0.5683758854866028,0.0,4.8716230392456055,75.0
school_sky_c57325b6823b,validation,0.19118474423885345,0.5356993675231934,0.0,5.711228847503662,0.26743197441101074,0.5003681182861328,0.0,4.727104663848877,0.3475160002708435,0.5574248433113098,0.0,4.529005527496338,0.46859920024871826,0.6618517637252808,0.0,4.939540863037109,73.0
school_sky_9c2367e90890,validation,0.2875620722770691,0.5701537132263184,0.0,5.812209606170654,0.3575037717819214,0.5763609409332275,0.0,4.844236850738525,0.3943828344345093,0.5995609760284424,0.0,4.690421104431152,0.5759750604629517,0.7208515405654907,0.0,6.197675704956055,69.0
school_sky_6436e5108504,validation,0.27935272455215454,0.5678263306617737,0.0,5.424376487731934,0.3788101077079773,0.6017352342605591,0.0,5.045740127563477,0.352181077003479,0.5683758854866028,0.0,4.8716230392456055,0.4713174104690552,0.5986737608909607,0.0,4.773571014404297,69.0
school_sky_c3831fe84986,validation,0.18667222559452057,0.54856938123703,0.0,6.123476982116699,0.34530776739120483,0.5586915612220764,0.0,4.523041248321533,0.40055856108665466,0.6532516479492188,0.0,5.2437238693237305,0.3846402168273926,0.5722814202308655,0.0,4.608453273773193,66.0
school_sky_abdf1b3690e3,validation,0.19769640266895294,0.5640875101089478,0.0,6.314548492431641,0.38068199157714844,0.5929331183433533,0.0,4.817758083343506,0.46083003282546997,0.6897715926170349,0.0,5.952043533325195,0.4229949414730072,0.60856032371521,0.0,4.021195888519287,66.0
school_sky_24e6c8610279,validation,0.23760050535202026,0.4668881595134735,0.0,4.691298961639404,0.3802422285079956,0.5622530579566956,0.0,4.306977272033691,0.407732218503952,0.6130738854408264,0.0,5.07243537902832,0.38365721702575684,0.558630645275116,0.0,3.9828755855560303,66.0
school_sky_add38812b945,validation,0.2671116590499878,0.5202077031135559,0.0,4.920863628387451,0.4282393455505371,0.6192872524261475,0.0,4.975296974182129,0.5884152054786682,0.7006016969680786,0.0,5.17296028137207,0.5259333848953247,0.6301150918006897,0.0,3.843367099761963,64.0
school_sky_fc6ea9b04c8a,validation,0.29176151752471924,0.5333214402198792,0.0,4.830294132232666,0.40706002712249756,0.606112539768219,0.0,4.888308525085449,0.6000801920890808,0.7097730040550232,0.0,6.8857831954956055,0.5507634878158569,0.6795130372047424,0.0,3.8463239669799805,63.0
school_sky_fb918b226f5f,validation,0.3575037717819214,0.5763609409332275,0.0,4.844236850738525,0.3943828344345093,0.5995609760284424,0.0,4.690421104431152,0.5759750604629517,0.7208515405654907,0.0,6.197675704956055,0.4703189432621002,0.6438661813735962,0.0,6.02868127822876,63.0
school_sky_340ad0de57e8,validation,0.33283713459968567,0.5676963329315186,0.0,4.900518894195557,0.4075515866279602,0.6150761246681213,0.0,4.847005844116211,0.47229236364364624,0.6399319767951965,0.0,4.566479206085205,0.5294950008392334,0.6254004836082458,0.0,5.056357383728027,64.0
school_sky_112b31bd3f26,validation,0.3788101077079773,0.6017352342605591,0.0,5.045740127563477,0.352181077003479,0.5683758854866028,0.0,4.8716230392456055,0.4713174104690552,0.5986737608909607,0.0,4.773571014404297,0.5225865840911865,0.5783054828643799,0.0,5.8831586837768555,63.0
school_sky_c73c25246d9a,validation,0.3738807439804077,0.5834337472915649,0.0,4.435808181762695,0.22075045108795166,0.5125319957733154,0.0,4.871269702911377,0.3915173411369324,0.5809401273727417,0.0,4.638523578643799,0.7477498054504395,0.7005637884140015,0.0,3.9479708671569824,62.0
school_sky_3a5dd294a8ba,validation,0.34530776739120483,0.5586915612220764,0.0,4.523041248321533,0.40055856108665466,0.6532516479492188,0.0,5.2437238693237305,0.3846402168273926,0.5722814202308655,0.0,4.608453273773193,0.6402782201766968,0.65498948097229,0.0,4.245317459106445,62.0
school_sky_93905f688c4d,validation,0.3802422285079956,0.5622530579566956,0.0,4.306977272033691,0.407732218503952,0.6130738854408264,0.0,5.07243537902832,0.38365721702575684,0.558630645275116,0.0,3.9828755855560303,0.45446738600730896,0.5660690069198608,0.0,4.907741546630859,62.0
school_sky_52aa385e62c2,validation,0.40706002712249756,0.606112539768219,0.0,4.888308525085449,0.6000801920890808,0.7097730040550232,0.0,6.8857831954956055,0.5507634878158569,0.6795130372047424,0.0,3.8463239669799805,0.5880708694458008,0.6743814945220947,0.0,5.965324878692627,61.0
school_sky_4d2094d88c43,validation,0.3943828344345093,0.5995609760284424,0.0,4.690421104431152,0.5759750604629517,0.7208515405654907,0.0,6.197675704956055,0.4703189432621002,0.6438661813735962,0.0,6.02868127822876,0.569592297077179,0.6499906778335571,0.0,4.9123969078063965,62.0
school_sky_669872d8fcc1,validation,0.4075515866279602,0.6150761246681213,0.0,4.847005844116211,0.47229236364364624,0.6399319767951965,0.0,4.566479206085205,0.5294950008392334,0.6254004836082458,0.0,5.056357383728027,0.5441006422042847,0.615990161895752,0.0,5.65077018737793,61.0
school_sky_2435766a1671,validation,0.352181077003479,0.5683758854866028,0.0,4.8716230392456055,0.4713174104690552,0.5986737608909607,0.0,4.773571014404297,0.5225865840911865,0.5783054828643799,0.0,5.8831586837768555,0.338401198387146,0.5460003018379211,0.0,5.702516555786133,61.0
school_sky_51857185fee6,validation,0.22075045108795166,0.5125319957733154,0.0,4.871269702911377,0.3915173411369324,0.5809401273727417,0.0,4.638523578643799,0.7477498054504395,0.7005637884140015,0.0,3.9479708671569824,0.38263964653015137,0.5696297287940979,0.0,6.134772777557373,61.0
school_sky_571979b8a494,validation,0.40055856108665466,0.6532516479492188,0.0,5.2437238693237305,0.3846402168273926,0.5722814202308655,0.0,4.608453273773193,0.6402782201766968,0.65498948097229,0.0,4.245317459106445,0.47860845923423767,0.580923855304718,0.0,5.1584930419921875,61.0
school_sky_0ec02cc00ccd,validation,0.407732218503952,0.6130738854408264,0.0,5.07243537902832,0.38365721702575684,0.558630645275116,0.0,3.9828755855560303,0.45446738600730896,0.5660690069198608,0.0,4.907741546630859,0.44591623544692993,0.5485416054725647,0.0,4.852126121520996,56.0
school_sky_90d58a610ca2,validation,0.5759750604629517,0.7208515405654907,0.0,6.197675704956055,0.4703189432621002,0.6438661813735962,0.0,6.02868127822876,0.569592297077179,0.6499906778335571,0.0,4.9123969078063965,0.4296901226043701,0.593036949634552,0.0,6.659459590911865,56.0
school_sky_8d8e4865e0eb,validation,0.5334025621414185,0.6874615550041199,0.0,5.972163677215576,0.5521436929702759,0.6413893699645996,0.0,5.043117046356201,0.40049776434898376,0.5537049174308777,0.0,5.270833969116211,0.41195356845855713,0.5582565069198608,0.0,6.109132766723633,58.0
school_sky_c36dbe24f351,validation,0.4713174104690552,0.5986737608909607,0.0,4.773571014404297,0.5225865840911865,0.5783054828643799,0.0,5.8831586837768555,0.338401198387146,0.5460003018379211,0.0,5.702516555786133,0.4913756847381592,0.673427939414978,0.0,6.275583744049072,58.0
school_sky_804d6d7d4c0a,validation,0.3915173411369324,0.5809401273727417,0.0,4.638523578643799,0.7477498054504395,0.7005637884140015,0.0,3.9479708671569824,0.38263964653015137,0.5696297287940979,0.0,6.134772777557373,0.46267229318618774,0.6566776633262634,0.0,6.357177734375,60.0
school_sky_964e0fc33fa0,validation,0.417049765586853,0.5972910523414612,0.0,3.7316975593566895,0.6230993270874023,0.6611505746841431,0.0,4.7730560302734375,0.44408267736434937,0.5779244899749756,0.0,4.959682464599609,0.42022740840911865,0.6080502271652222,0.0,6.5495452880859375,60.0
school_sky_7a73a15837d0,validation,0.5507634878158569,0.6795130372047424,0.0,3.8463239669799805,0.5880708694458008,0.6743814945220947,0.0,5.965324878692627,0.43872594833374023,0.5285749435424805,0.0,4.667449951171875,0.4616750478744507,0.6090370416641235,0.0,5.796142578125,60.0
school_sky_7f4c2ca79906,validation,0.5294950008392334,0.6254004836082458,0.0,5.056357383728027,0.5441006422042847,0.615990161895752,0.0,5.65077018737793,0.5048924088478088,0.6700330972671509,0.0,6.936854839324951,0.4373700022697449,0.6745615601539612,0.0,6.737391948699951,60.0
school_sky_96210ebaa4d7,validation,0.5521436929702759,0.6413893699645996,0.0,5.043117046356201,0.40049776434898376,0.5537049174308777,0.0,5.270833969116211,0.41195356845855713,0.5582565069198608,0.0,6.109132766723633,0.44606730341911316,0.6783987879753113,0.0,7.512850761413574,60.0
school_sky_2200b1edb059,validation,0.5225865840911865,0.5783054828643799,0.0,5.8831586837768555,0.338401198387146,0.5460003018379211,0.0,5.702516555786133,0.4913756847381592,0.673427939414978,0.0,6.275583744049072,0.4545997381210327,0.7101208567619324,0.0,7.907652378082275,60.0
school_sky_f93c08bddf2a,validation,0.7477498054504395,0.7005637884140015,0.0,3.9479708671569824,0.38263964653015137,0.5696297287940979,0.0,6.134772777557373,0.46267229318618774,0.6566776633262634,0.0,6.357177734375,0.43036600947380066,0.6715013980865479,0.0,7.3209686279296875,60.0
school_sky_45d95010ff9b,validation,0.45446738600730896,0.5660690069198608,0.0,4.907741546630859,0.44591623544692993,0.5485416054725647,0.0,4.852126121520996,0.4592227637767792,0.6738718748092651,0.0,7.067717552185059,0.433266818523407,0.6336738467216492,0.0,6.702030658721924,60.0
school_sky_aacd988b715d,validation,0.6230993270874023,0.6611505746841431,0.0,4.7730560302734375,0.44408267736434937,0.5779244899749756,0.0,4.959682464599609,0.42022740840911865,0.6080502271652222,0.0,6.5495452880859375,0.619699239730835,0.6932947039604187,0.0,6.001685619354248,62.0
school_sky_10cd7aa515c0,validation,0.571528434753418,0.6259738206863403,0.0,4.912398338317871,0.4228936433792114,0.5874519348144531,0.0,4.250885486602783,0.4501457214355469,0.6220250725746155,0.0,6.464725494384766,0.40954649448394775,0.6691368818283081,0.0,6.368480205535889,61.0
school_sky_a82341c790ca,validation,0.5441006422042847,0.615990161895752,0.0,5.65077018737793,0.5048924088478088,0.6700330972671509,0.0,6.936854839324951,0.4373700022697449,0.6745615601539612,0.0,6.737391948699951,0.4580124616622925,0.6767942905426025,0.0,6.843917369842529,61.0
school_sky_e2dceeeed789,validation,0.40049776434898376,0.5537049174308777,0.0,5.270833969116211,0.41195356845855713,0.5582565069198608,0.0,6.109132766723633,0.44606730341911316,0.6783987879753113,0.0,7.512850761413574,0.5040584802627563,0.6971070170402527,0.0,7.00346040725708,62.0
school_sky_a2c19e5530ba,validation,0.338401198387146,0.5460003018379211,0.0,5.702516555786133,0.4913756847381592,0.673427939414978,0.0,6.275583744049072,0.4545997381210327,0.7101208567619324,0.0,7.907652378082275,0.4170534610748291,0.6339290142059326,0.0,6.532881736755371,61.0
school_sky_8714bf84c8f7,validation,0.38263964653015137,0.5696297287940979,0.0,6.134772777557373,0.46267229318618774,0.6566776633262634,0.0,6.357177734375,0.43036600947380066,0.6715013980865479,0.0,7.3209686279296875,0.4416184723377228,0.6293480396270752,0.0,6.439949989318848,64.0
school_sky_3be593ba7793,validation,0.47860845923423767,0.580923855304718,0.0,5.1584930419921875,0.413500040769577,0.5841121673583984,0.0,6.330591201782227,0.43082359433174133,0.6116068363189697,0.0,6.7284135818481445,0.3843145966529846,0.6120550632476807,0.0,6.189990043640137,64.0
school_sky_d016c2f6254b,validation,0.44591623544692993,0.5485416054725647,0.0,4.852126121520996,0.4592227637767792,0.6738718748092651,0.0,7.067717552185059,0.433266818523407,0.6336738467216492,0.0,6.702030658721924,0.4427824020385742,0.5880579948425293,0.0,5.572812557220459,63.0
school_sky_27a33a081821,validation,0.44408267736434937,0.5779244899749756,0.0,4.959682464599609,0.42022740840911865,0.6080502271652222,0.0,6.5495452880859375,0.619699239730835,0.6932947039604187,0.0,6.001685619354248,0.4083702266216278,0.6495785713195801,0.0,7.618166923522949,63.0
school_sky_c06575243cd2,validation,0.4228936433792114,0.5874519348144531,0.0,4.250885486602783,0.4501457214355469,0.6220250725746155,0.0,6.464725494384766,0.40954649448394775,0.6691368818283081,0.0,6.368480205535889,0.37192443013191223,0.6476444602012634,0.0,7.276037693023682,64.0
school_sky_94d44574eb5a,validation,0.4296901226043701,0.593036949634552,0.0,6.659459590911865,0.3771933317184448,0.5915841460227966,0.0,6.266678810119629,0.43727827072143555,0.6162567138671875,0.0,6.73176908493042,0.37402546405792236,0.5798575282096863,0.0,6.149298191070557,64.0
school_sky_875c3e708c30,validation,0.41195356845855713,0.5582565069198608,0.0,6.109132766723633,0.44606730341911316,0.6783987879753113,0.0,7.512850761413574,0.5040584802627563,0.6971070170402527,0.0,7.00346040725708,0.4027349650859833,0.6358704566955566,0.0,7.010385990142822,64.0
school_sky_ef717e5400ec,validation,0.413500040769577,0.5841121673583984,0.0,6.330591201782227,0.43082359433174133,0.6116068363189697,0.0,6.7284135818481445,0.3843145966529846,0.6120550632476807,0.0,6.189990043640137,0.42581355571746826,0.706320583820343,0.0,7.4139790534973145,64.0
school_sky_0d693738fd67,validation,0.4592227637767792,0.6738718748092651,0.0,7.067717552185059,0.433266818523407,0.6336738467216492,0.0,6.702030658721924,0.4427824020385742,0.5880579948425293,0.0,5.572812557220459,0.37573689222335815,0.5526024103164673,0.0,4.762073040008545,64.0
school_sky_0eca9192c054,validation,0.42022740840911865,0.6080502271652222,0.0,6.5495452880859375,0.619699239730835,0.6932947039604187,0.0,6.001685619354248,0.4083702266216278,0.6495785713195801,0.0,7.618166923522949,0.27809515595436096,0.5378555655479431,0.0,5.841050624847412,65.0
school_sky_0f941af8a0b7,validation,0.4501457214355469,0.6220250725746155,0.0,6.464725494384766,0.40954649448394775,0.6691368818283081,0.0,6.368480205535889,0.37192443013191223,0.6476444602012634,0.0,7.276037693023682,0.36143404245376587,0.5664027333259583,0.0,5.243038654327393,66.0
school_sky_f3127dca4c43,validation,0.4616750478744507,0.6090370416641235,0.0,5.796142578125,0.39553892612457275,0.6280964016914368,0.0,6.746183395385742,0.40255987644195557,0.6768402457237244,0.0,7.906284809112549,0.36408522725105286,0.5395925641059875,0.0,5.171840667724609,64.0
school_sky_9e241d5c0885,validation,0.3771933317184448,0.5915841460227966,0.0,6.266678810119629,0.43727827072143555,0.6162567138671875,0.0,6.73176908493042,0.37402546405792236,0.5798575282096863,0.0,6.149298191070557,0.35121381282806396,0.5470903515815735,0.0,5.685965061187744,67.0
school_sky_d39073539c3c,validation,0.433266818523407,0.6336738467216492,0.0,6.702030658721924,0.4427824020385742,0.5880579948425293,0.0,5.572812557220459,0.37573689222335815,0.5526024103164673,0.0,4.762073040008545,0.21616418659687042,0.5212979912757874,0.0,5.572369575500488,68.0
school_sky_132f091be994,validation,0.619699239730835,0.6932947039604187,0.0,6.001685619354248,0.4083702266216278,0.6495785713195801,0.0,7.618166923522949,0.27809515595436096,0.5378555655479431,0.0,5.841050624847412,0.25324565172195435,0.5441604256629944,0.0,5.362705230712891,69.0
school_sky_dbdb1b930975,validation,0.40954649448394775,0.6691368818283081,0.0,6.368480205535889,0.37192443013191223,0.6476444602012634,0.0,7.276037693023682,0.36143404245376587,0.5664027333259583,0.0,5.243038654327393,0.22832193970680237,0.5314510464668274,0.0,5.395778179168701,71.0
school_sky_f902e1a83478,validation,0.43727827072143555,0.6162567138671875,0.0,6.73176908493042,0.37402546405792236,0.5798575282096863,0.0,6.149298191070557,0.35121381282806396,0.5470903515815735,0.0,5.685965061187744,0.20367074012756348,0.5724955201148987,0.0,5.743508815765381,72.0
school_sky_e2e1dca2d988,validation,0.4416184723377228,0.6293480396270752,0.0,6.439949989318848,0.39755719900131226,0.7545020580291748,0.0,8.417011260986328,0.4780389666557312,0.6224713921546936,0.0,5.320034503936768,0.2018413543701172,0.5658533573150635,0.0,5.756284713745117,74.0
school_sky_51452379986d,validation,0.4427824020385742,0.5880579948425293,0.0,5.572812557220459,0.37573689222335815,0.5526024103164673,0.0,4.762073040008545,0.21616418659687042,0.5212979912757874,0.0,5.572369575500488,0.19527193903923035,0.5465467572212219,0.0,5.675034999847412,75.0
school_sky_0b44d9b3020e,validation,0.4083702266216278,0.6495785713195801,0.0,7.618166923522949,0.27809515595436096,0.5378555655479431,0.0,5.841050624847412,0.25324565172195435,0.5441604256629944,0.0,5.362705230712891,0.19581368565559387,0.5525014996528625,0.0,5.608189582824707,76.0
school_sky_0de68629764d,validation,0.37192443013191223,0.6476444602012634,0.0,7.276037693023682,0.36143404245376587,0.5664027333259583,0.0,5.243038654327393,0.22832193970680237,0.5314510464668274,0.0,5.395778179168701,0.35652267932891846,0.5883381962776184,0.0,5.8506927490234375,75.0
school_sky_608f118417b4,validation,0.39755719900131226,0.7545020580291748,0.0,8.417011260986328,0.4780389666557312,0.6224713921546936,0.0,5.320034503936768,0.2018413543701172,0.5658533573150635,0.0,5.756284713745117,0.24642880260944366,0.5710272192955017,0.0,5.427023410797119,77.0
school_sky_7d8027852c4b,validation,0.42581355571746826,0.706320583820343,0.0,7.4139790534973145,0.35106319189071655,0.5463561415672302,0.0,5.7416791915893555,0.2024301290512085,0.568635880947113,0.0,5.7361249923706055,0.18802379071712494,0.5569626688957214,0.0,5.877978324890137,80.0
school_sky_e07db6a25ea3,validation,0.37573689222335815,0.5526024103164673,0.0,4.762073040008545,0.21616418659687042,0.5212979912757874,0.0,5.572369575500488,0.19527193903923035,0.5465467572212219,0.0,5.675034999847412,0.28820186853408813,0.5659359097480774,0.0,4.997971534729004,80.0
school_sky_909376ecb527,validation,0.36143404245376587,0.5664027333259583,0.0,5.243038654327393,0.22832193970680237,0.5314510464668274,0.0,5.395778179168701,0.35652267932891846,0.5883381962776184,0.0,5.8506927490234375,0.20247197151184082,0.5780947208404541,0.0,5.578629970550537,80.0
school_sky_cdd73b21f843,validation,0.36408522725105286,0.5395925641059875,0.0,5.171840667724609,0.20756426453590393,0.5515824556350708,0.0,5.662951469421387,0.45046257972717285,0.6573135256767273,0.0,5.716665744781494,0.23296356201171875,0.5612983703613281,0.0,4.793948650360107,81.0
school_sky_5c90089af8d2,validation,0.381801575422287,0.6069064140319824,0.0,5.928046703338623,0.19839268922805786,0.5603756308555603,0.0,5.676353931427002,0.3098583221435547,0.5626345872879028,0.0,5.671774387359619,0.1462593376636505,0.4907866418361664,0.0,5.537872314453125,80.0
school_sky_a15e04d37824,validation,0.4803914427757263,0.6285495758056641,0.0,4.947624206542969,0.20376305282115936,0.5424437522888184,0.0,5.5193986892700195,0.2737831175327301,0.5960469245910645,0.0,5.367422580718994,0.14800778031349182,0.5123379230499268,0.0,5.753089427947998,81.0
school_sky_d547a6a593b6,validation,0.4780389666557312,0.6224713921546936,0.0,5.320034503936768,0.2018413543701172,0.5658533573150635,0.0,5.756284713745117,0.24642880260944366,0.5710272192955017,0.0,5.427023410797119,0.14733624458312988,0.5088638067245483,0.0,5.483788013458252,81.0
school_sky_79335e2dd4be,validation,0.35106319189071655,0.5463561415672302,0.0,5.7416791915893555,0.2024301290512085,0.568635880947113,0.0,5.7361249923706055,0.18802379071712494,0.5569626688957214,0.0,5.877978324890137,0.14549890160560608,0.5127798318862915,0.0,5.605810642242432,81.0
school_sky_2204a9a6b402,validation,0.22832193970680237,0.5314510464668274,0.0,5.395778179168701,0.35652267932891846,0.5883381962776184,0.0,5.8506927490234375,0.20247197151184082,0.5780947208404541,0.0,5.578629970550537,0.14674493670463562,0.5155788660049438,0.0,5.889618396759033,83.0
school_sky_5ac14d082d66,validation,0.20248819887638092,0.5485092997550964,0.0,5.654354572296143,0.4587535262107849,0.714505672454834,0.0,6.453367710113525,0.2156429886817932,0.5591274499893188,0.0,5.170694351196289,0.14824235439300537,0.5116702318191528,0.0,5.758026599884033,81.0
school_sky_7cde21a9d116,validation,0.20756426453590393,0.5515824556350708,0.0,5.662951469421387,0.45046257972717285,0.6573135256767273,0.0,5.716665744781494,0.23296356201171875,0.5612983703613281,0.0,4.793948650360107,0.14923836290836334,0.5151689052581787,0.0,5.8059892654418945,84.0
school_sky_65285922fb86,validation,0.20367074012756348,0.5724955201148987,0.0,5.743508815765381,0.4300405979156494,0.648158609867096,0.0,5.745678901672363,0.16499480605125427,0.5082054734230042,0.0,5.542720794677734,0.14896440505981445,0.5187472105026245,0.0,5.882637977600098,84.0
school_sky_ec8d0abcaa1d,validation,0.20376305282115936,0.5424437522888184,0.0,5.5193986892700195,0.2737831175327301,0.5960469245910645,0.0,5.367422580718994,0.14800778031349182,0.5123379230499268,0.0,5.753089427947998,0.15282633900642395,0.5145890116691589,0.0,5.6902241706848145,83.0
school_sky_20db86a1c109,validation,0.2018413543701172,0.5658533573150635,0.0,5.756284713745117,0.24642880260944366,0.5710272192955017,0.0,5.427023410797119,0.14733624458312988,0.5088638067245483,0.0,5.483788013458252,0.1491546779870987,0.5167845487594604,0.0,5.79817008972168,86.0
school_sky_162dd7e9266a,validation,0.2024301290512085,0.568635880947113,0.0,5.7361249923706055,0.18802379071712494,0.5569626688957214,0.0,5.877978324890137,0.14549890160560608,0.5127798318862915,0.0,5.605810642242432,0.15355688333511353,0.5155730247497559,0.0,5.761409282684326,86.0
school_sky_9b8284e0fa6f,validation,0.4587535262107849,0.714505672454834,0.0,6.453367710113525,0.2156429886817932,0.5591274499893188,0.0,5.170694351196289,0.14824235439300537,0.5116702318191528,0.0,5.758026599884033,0.14870572090148926,0.518896758556366,0.0,5.95515775680542,88.0
school_sky_d4de721e6fc2,validation,0.45046257972717285,0.6573135256767273,0.0,5.716665744781494,0.23296356201171875,0.5612983703613281,0.0,4.793948650360107,0.14923836290836334,0.5151689052581787,0.0,5.8059892654418945,0.14982673525810242,0.5167799592018127,0.0,5.89616060256958,89.0
school_sky_9fe58daa78a1,validation,0.4300405979156494,0.648158609867096,0.0,5.745678901672363,0.16499480605125427,0.5082054734230042,0.0,5.542720794677734,0.14896440505981445,0.5187472105026245,0.0,5.882637977600098,0.1509094536304474,0.5226340293884277,0.0,5.891298294067383,89.0
school_sky_14975d552a3d,validation,0.24642880260944366,0.5710272192955017,0.0,5.427023410797119,0.14733624458312988,0.5088638067245483,0.0,5.483788013458252,0.1491546779870987,0.5167845487594604,0.0,5.79817008972168,0.15283069014549255,0.5223379731178284,0.0,5.937317848205566,90.0
school_sky_13ab42c5586e,validation,0.18802379071712494,0.5569626688957214,0.0,5.877978324890137,0.14549890160560608,0.5127798318862915,0.0,5.605810642242432,0.15355688333511353,0.5155730247497559,0.0,5.761409282684326,0.15251317620277405,0.5162219405174255,0.0,5.8283586502075195,90.0
school_sky_41b35d86faf3,validation,0.2156429886817932,0.5591274499893188,0.0,5.170694351196289,0.14824235439300537,0.5116702318191528,0.0,5.758026599884033,0.14870572090148926,0.518896758556366,0.0,5.95515775680542,0.15609896183013916,0.5221852660179138,0.0,5.787175178527832,91.0
school_sky_177f6ed1f6a1,validation,0.16499480605125427,0.5082054734230042,0.0,5.542720794677734,0.14896440505981445,0.5187472105026245,0.0,5.882637977600098,0.1509094536304474,0.5226340293884277,0.0,5.891298294067383,0.15185651183128357,0.5265194177627563,0.0,5.8659515380859375,92.0
school_sky_250f57b73b72,validation,0.1462593376636505,0.4907866418361664,0.0,5.537872314453125,0.14950156211853027,0.5096020102500916,0.0,5.721045017242432,0.1478618085384369,0.516467809677124,0.0,5.936733722686768,0.15066415071487427,0.5155840516090393,0.0,5.749626159667969,92.0
school_sky_9a1351d99123,validation,0.14549890160560608,0.5127798318862915,0.0,5.605810642242432,0.15355688333511353,0.5155730247497559,0.0,5.761409282684326,0.15251317620277405,0.5162219405174255,0.0,5.8283586502075195,0.15533289313316345,0.5179490447044373,0.0,5.8640947341918945,93.0
school_sky_898f4bd69b50,validation,0.14824235439300537,0.5116702318191528,0.0,5.758026599884033,0.14870572090148926,0.518896758556366,0.0,5.95515775680542,0.15609896183013916,0.5221852660179138,0.0,5.787175178527832,0.15206259489059448,0.5204594731330872,0.0,5.829369068145752,93.0
school_sky_047df2a38e88,validation,0.14896440505981445,0.5187472105026245,0.0,5.882637977600098,0.1509094536304474,0.5226340293884277,0.0,5.891298294067383,0.15185651183128357,0.5265194177627563,0.0,5.8659515380859375,0.14899881184101105,0.5218842029571533,0.0,6.023062229156494,93.0
school_sky_205f4b41f544,validation,0.14950156211853027,0.5096020102500916,0.0,5.721045017242432,0.1478618085384369,0.516467809677124,0.0,5.936733722686768,0.15066415071487427,0.5155840516090393,0.0,5.749626159667969,0.15523341298103333,0.5162578225135803,0.0,5.8175764083862305,93.0
school_sky_2f9e7b7cd969,diagnostic,0.14744597673416138,0.5059335827827454,0.0,5.786515712738037,0.1581025868654251,0.5216322541236877,0.0,5.774004936218262,0.15735343098640442,0.5291878581047058,0.0,5.918478012084961,0.15965282917022705,0.5300440788269043,0.0,6.063718318939209,95.0
school_sky_1a3b7cfeb9d1,diagnostic,0.1462417095899582,0.5083205699920654,0.0,5.789793491363525,0.15578210353851318,0.5161610841751099,0.0,5.732666969299316,0.15409177541732788,0.5197377800941467,0.0,5.871879577636719,0.14926061034202576,0.5240164995193481,0.0,5.88814115524292,95.0
school_sky_1feb44f4306d,diagnostic,0.14926491677761078,0.5087563991546631,0.0,5.896494388580322,0.1569540947675705,0.5206104516983032,0.0,5.797971248626709,0.15119630098342896,0.5206082463264465,0.0,6.016451835632324,0.15370440483093262,0.5233129858970642,0.0,5.811613082885742,95.0
school_sky_0b3effc6d151,diagnostic,0.15930898487567902,0.5213651657104492,0.0,5.810597896575928,0.15138345956802368,0.5160211324691772,0.0,5.791945934295654,0.1512933224439621,0.5185098648071289,0.0,5.758630275726318,0.15550068020820618,0.5201826095581055,0.0,5.851933479309082,95.0
school_sky_e6890f1a3f1f,diagnostic,0.15334884822368622,0.5207265019416809,0.0,5.8864970207214355,0.15344679355621338,0.513271152973175,0.0,5.669401168823242,0.15074801445007324,0.5163375735282898,0.0,5.844123363494873,0.15469592809677124,0.52418452501297,0.0,5.788723468780518,96.0
school_sky_ec6dd12b640c,diagnostic,0.1581025868654251,0.5216322541236877,0.0,5.774004936218262,0.15735343098640442,0.5291878581047058,0.0,5.918478012084961,0.15965282917022705,0.5300440788269043,0.0,6.063718318939209,0.15114383399486542,0.5168600678443909,0.0,5.8299665451049805,96.0
school_sky_efb1e8eb48c3,diagnostic,0.15578210353851318,0.5161610841751099,0.0,5.732666969299316,0.15409177541732788,0.5197377800941467,0.0,5.871879577636719,0.14926061034202576,0.5240164995193481,0.0,5.88814115524292,0.1521334946155548,0.5201463103294373,0.0,5.79599666595459,96.0
school_sky_799272679128,diagnostic,0.1569540947675705,0.5206104516983032,0.0,5.797971248626709,0.15119630098342896,0.5206082463264465,0.0,6.016451835632324,0.15370440483093262,0.5233129858970642,0.0,5.811613082885742,0.15575966238975525,0.523931622505188,0.0,5.897459506988525,96.0
school_sky_3ff9d9365738,diagnostic,0.15138345956802368,0.5160211324691772,0.0,5.791945934295654,0.1512933224439621,0.5185098648071289,0.0,5.758630275726318,0.15550068020820618,0.5201826095581055,0.0,5.851933479309082,0.14467471837997437,0.49637097120285034,0.0,5.73176383972168,96.0
school_sky_992ceb046730,diagnostic,0.15319588780403137,0.5223251581192017,0.0,5.848842620849609,0.14765262603759766,0.5122219920158386,0.0,5.732489109039307,0.15675988793373108,0.5219424962997437,0.0,5.864385604858398,0.2102152407169342,0.6466678380966187,0.0,7.04494047164917,97.0
school_sky_d38e4e17bba7,diagnostic,0.15735343098640442,0.5291878581047058,0.0,5.918478012084961,0.15965282917022705,0.5300440788269043,0.0,6.063718318939209,0.15114383399486542,0.5168600678443909,0.0,5.8299665451049805,0.18524613976478577,0.5057017803192139,0.0,5.044804573059082,97.0
school_sky_cd3b96bfef67,diagnostic,0.15409177541732788,0.5197377800941467,0.0,5.871879577636719,0.14926061034202576,0.5240164995193481,0.0,5.88814115524292,0.1521334946155548,0.5201463103294373,0.0,5.79599666595459,0.16979938745498657,0.49043676257133484,0.0,4.549822807312012,97.0
school_sky_939ad044ab5a,diagnostic,0.15119630098342896,0.5206082463264465,0.0,6.016451835632324,0.15370440483093262,0.5233129858970642,0.0,5.811613082885742,0.15575966238975525,0.523931622505188,0.0,5.897459506988525,0.1776922345161438,0.5400291681289673,0.0,5.72755241394043,97.0
school_sky_69840b8fda90,diagnostic,0.1512933224439621,0.5185098648071289,0.0,5.758630275726318,0.15550068020820618,0.5201826095581055,0.0,5.851933479309082,0.14467471837997437,0.49637097120285034,0.0,5.73176383972168,0.18276278674602509,0.5581104755401611,0.0,6.069307327270508,96.0
school_sky_e88531e01c90,diagnostic,0.1540210247039795,0.5118142366409302,0.0,5.732028007507324,0.1516309678554535,0.5226435661315918,0.0,5.957094669342041,0.16558626294136047,0.4926474690437317,0.0,5.078286647796631,0.174631729722023,0.460612952709198,0.0,4.734155654907227,95.0
school_sky_cc435d1a3d9f,diagnostic,0.15150797367095947,0.5121442675590515,0.0,5.777539253234863,0.15779462456703186,0.5141827464103699,0.0,5.776467800140381,0.26312124729156494,0.6066125631332397,0.0,5.038834571838379,0.18687772750854492,0.5181770920753479,0.0,5.437959671020508,95.0
school_sky_2ff470da482e,diagnostic,0.15376976132392883,0.5272793769836426,0.0,5.9511027336120605,0.1502559781074524,0.5219990611076355,0.0,5.888737201690674,0.2396196573972702,0.6913606524467468,0.0,7.699487686157227,0.18767374753952026,0.5203962922096252,0.0,5.481230735778809,95.0
school_sky_5f78e241487a,diagnostic,0.15301582217216492,0.5219063758850098,0.0,5.909306526184082,0.15579834580421448,0.5243307948112488,0.0,5.924686431884766,0.1729014664888382,0.5324662923812866,0.0,5.941605567932129,0.2242872565984726,0.49614304304122925,0.0,4.950669288635254,94.0
school_sky_0c74066ac111,diagnostic,0.15965282917022705,0.5300440788269043,0.0,6.063718318939209,0.15114383399486542,0.5168600678443909,0.0,5.8299665451049805,0.18524613976478577,0.5057017803192139,0.0,5.044804573059082,0.23832876980304718,0.5022177696228027,0.0,4.76585578918457,95.0
school_sky_a8edc1537298,diagnostic,0.15370440483093262,0.5233129858970642,0.0,5.811613082885742,0.15575966238975525,0.523931622505188,0.0,5.897459506988525,0.1776922345161438,0.5400291681289673,0.0,5.72755241394043,0.21669846773147583,0.4920169711112976,0.0,4.882509708404541,93.0
school_sky_1a8ac11eb229,diagnostic,0.15550068020820618,0.5201826095581055,0.0,5.851933479309082,0.14467471837997437,0.49637097120285034,0.0,5.73176383972168,0.18276278674602509,0.5581104755401611,0.0,6.069307327270508,0.2446494996547699,0.5587142705917358,0.0,5.3449015617370605,92.0
school_sky_922893c1f620,diagnostic,0.1529628336429596,0.5213848948478699,0.0,5.891522407531738,0.25639408826828003,0.6618955135345459,0.0,6.705162525177002,0.18570870161056519,0.5557340383529663,0.0,6.047801494598389,0.26154160499572754,0.48189422488212585,0.0,3.856452703475952,90.0
school_sky_93c34ae6c360,diagnostic,0.1502559781074524,0.5219990611076355,0.0,5.888737201690674,0.2396196573972702,0.6913606524467468,0.0,7.699487686157227,0.18767374753952026,0.5203962922096252,0.0,5.481230735778809,0.2908945083618164,0.525023877620697,0.0,4.52818489074707,90.0
school_sky_0219679051c0,diagnostic,0.15579834580421448,0.5243307948112488,0.0,5.924686431884766,0.1729014664888382,0.5324662923812866,0.0,5.941605567932129,0.2242872565984726,0.49614304304122925,0.0,4.950669288635254,0.38468652963638306,0.5542290806770325,0.0,4.636481761932373,84.0
school_sky_5da820d04de5,diagnostic,0.15114383399486542,0.5168600678443909,0.0,5.8299665451049805,0.18524613976478577,0.5057017803192139,0.0,5.044804573059082,0.23832876980304718,0.5022177696228027,0.0,4.76585578918457,0.32382023334503174,0.555945634841919,0.0,4.5579681396484375,87.0
school_sky_9af92937f285,diagnostic,0.15575966238975525,0.523931622505188,0.0,5.897459506988525,0.1776922345161438,0.5400291681289673,0.0,5.72755241394043,0.21669846773147583,0.4920169711112976,0.0,4.882509708404541,0.21123139560222626,0.5545399188995361,0.0,5.417004585266113,80.0
school_sky_dafd43483424,diagnostic,0.25639408826828003,0.6618955135345459,0.0,6.705162525177002,0.18570870161056519,0.5557340383529663,0.0,6.047801494598389,0.26154160499572754,0.48189422488212585,0.0,3.856452703475952,0.3700367212295532,0.5144798755645752,0.0,3.969628095626831,79.0
school_sky_a245501dc9e3,diagnostic,0.2081180363893509,0.5490033030509949,0.0,5.297034740447998,0.2052336186170578,0.49483615159988403,0.0,5.04896354675293,0.33509624004364014,0.5459344387054443,0.0,4.64730978012085,0.31410297751426697,0.5037393569946289,0.0,4.5464019775390625,75.0
school_sky_f4e268d7c497,diagnostic,0.1729014664888382,0.5324662923812866,0.0,5.941605567932129,0.2242872565984726,0.49614304304122925,0.0,4.950669288635254,0.38468652963638306,0.5542290806770325,0.0,4.636481761932373,0.38066965341567993,0.5655890703201294,0.0,4.460782051086426,72.0
school_sky_cda957ad8427,diagnostic,0.16979938745498657,0.49043676257133484,0.0,4.549822807312012,0.20574624836444855,0.47372597455978394,0.0,4.618563652038574,0.4339825510978699,0.5939689874649048,0.0,4.482350826263428,0.37092819809913635,0.5477851629257202,0.0,4.279498100280762,76.0
school_sky_6d6169e8c550,diagnostic,0.19430583715438843,0.5252630114555359,0.0,5.495462894439697,0.24030768871307373,0.4995708167552948,0.0,4.8369622230529785,0.3095097541809082,0.5407436490058899,0.0,4.387910842895508,0.42061665654182434,0.569299042224884,0.0,4.2659196853637695,75.0
school_sky_97d4b6f76e56,diagnostic,0.17961764335632324,0.5185299515724182,0.0,5.699060440063477,0.34575778245925903,0.5669236183166504,0.0,4.942708969116211,0.3356987535953522,0.5023970603942871,0.0,4.620027542114258,0.3261969983577728,0.5747413635253906,0.0,6.260837554931641,71.0
school_sky_7166fd358e5f,diagnostic,0.2052336186170578,0.49483615159988403,0.0,5.04896354675293,0.33509624004364014,0.5459344387054443,0.0,4.64730978012085,0.31410297751426697,0.5037393569946289,0.0,4.5464019775390625,0.3218728303909302,0.5341647863388062,0.0,5.5426130294799805,68.0
school_sky_ab3b26ccc754,diagnostic,0.23832876980304718,0.5022177696228027,0.0,4.76585578918457,0.32382023334503174,0.555945634841919,0.0,4.5579681396484375,0.3497554063796997,0.5278963446617126,0.0,4.033278942108154,0.4145001471042633,0.6263236999511719,0.0,5.813623428344727,68.0
school_sky_52dfa0f33c4e,diagnostic,0.24030768871307373,0.4995708167552948,0.0,4.8369622230529785,0.3095097541809082,0.5407436490058899,0.0,4.387910842895508,0.42061665654182434,0.569299042224884,0.0,4.2659196853637695,0.3843616247177124,0.5147477984428406,0.0,3.382812976837158,66.0
school_sky_db4437df2d72,diagnostic,0.21669846773147583,0.4920169711112976,0.0,4.882509708404541,0.21123139560222626,0.5545399188995361,0.0,5.417004585266113,0.3869834840297699,0.5846207737922668,0.0,4.796773910522461,0.3467962145805359,0.5070041418075562,0.0,3.4051971435546875,66.0
school_sky_8734acfd7ff7,diagnostic,0.26154160499572754,0.48189422488212585,0.0,3.856452703475952,0.3700367212295532,0.5144798755645752,0.0,3.969628095626831,0.35747140645980835,0.6131730079650879,0.0,6.4712724685668945,0.3071843385696411,0.4882509708404541,0.0,4.170470237731934,64.0
school_sky_2d7511ec0889,diagnostic,0.34575778245925903,0.5669236183166504,0.0,4.942708969116211,0.3356987535953522,0.5023970603942871,0.0,4.620027542114258,0.3261969983577728,0.5747413635253906,0.0,6.260837554931641,0.30145347118377686,0.4506876468658447,0.0,5.086732864379883,64.0
school_sky_db3537bd5d2e,diagnostic,0.32382023334503174,0.555945634841919,0.0,4.5579681396484375,0.3497554063796997,0.5278963446617126,0.0,4.033278942108154,0.4145001471042633,0.6263236999511719,0.0,5.813623428344727,0.3013502061367035,0.49701955914497375,0.0,3.5064783096313477,63.0
school_sky_eb30942f295b,diagnostic,0.3095097541809082,0.5407436490058899,0.0,4.387910842895508,0.42061665654182434,0.569299042224884,0.0,4.2659196853637695,0.3843616247177124,0.5147477984428406,0.0,3.382812976837158,0.2947959899902344,0.45088279247283936,0.0,3.500704288482666,63.0
school_sky_6b9bd6d4d019,diagnostic,0.3112882077693939,0.48569580912590027,0.0,3.7075555324554443,0.39244604110717773,0.5870136022567749,0.0,4.473370552062988,0.3299417495727539,0.48418858647346497,0.0,4.473700523376465,0.20404581725597382,0.3455517888069153,0.0,3.4743189811706543,63.0
school_sky_14d1300fc70b,diagnostic,0.3356987535953522,0.5023970603942871,0.0,4.620027542114258,0.3261969983577728,0.5747413635253906,0.0,6.260837554931641,0.30145347118377686,0.4506876468658447,0.0,5.086732864379883,0.1738252192735672,0.3361605703830719,0.0,3.373272180557251,62.0
school_sky_d71a4d814613,diagnostic,0.3497554063796997,0.5278963446617126,0.0,4.033278942108154,0.4145001471042633,0.6263236999511719,0.0,5.813623428344727,0.3013502061367035,0.49701955914497375,0.0,3.5064783096313477,0.1305038034915924,0.39715635776519775,0.0,5.243685722351074,64.0
school_sky_7d79ddc370c7,diagnostic,0.42061665654182434,0.569299042224884,0.0,4.2659196853637695,0.3843616247177124,0.5147477984428406,0.0,3.382812976837158,0.2947959899902344,0.45088279247283936,0.0,3.500704288482666,0.2614371180534363,0.4187775254249573,0.0,4.104099273681641,63.0
school_sky_915077f5975a,diagnostic,0.39244604110717773,0.5870136022567749,0.0,4.473370552062988,0.3299417495727539,0.48418858647346497,0.0,4.473700523376465,0.20404581725597382,0.3455517888069153,0.0,3.4743189811706543,0.18991799652576447,0.3405536711215973,0.0,3.2748773097991943,62.0
school_sky_8a67c9c58594,diagnostic,0.33228927850723267,0.5884557366371155,0.0,5.812078952789307,0.313764750957489,0.531714141368866,0.0,6.581230163574219,0.188664510846138,0.3319496512413025,0.0,3.9856553077697754,0.30415093898773193,0.44901612401008606,0.0,3.7365143299102783,60.0
school_sky_91a81be3120e,diagnostic,0.3843616247177124,0.5147477984428406,0.0,3.382812976837158,0.2947959899902344,0.45088279247283936,0.0,3.500704288482666,0.2614371180534363,0.4187775254249573,0.0,4.104099273681641,0.3330298960208893,0.5555984377861023,0.0,5.533449649810791,59.0
school_sky_b2b9478be112,diagnostic,0.3299417495727539,0.48418858647346497,0.0,4.473700523376465,0.20404581725597382,0.3455517888069153,0.0,3.4743189811706543,0.18991799652576447,0.3405536711215973,0.0,3.2748773097991943,0.26247042417526245,0.4418288469314575,0.0,3.409602403640747,58.0
school_sky_6502545b0ab7,diagnostic,0.3496819734573364,0.5145050287246704,0.0,4.103017330169678,0.27610284090042114,0.4627881348133087,0.0,3.148792028427124,0.22421306371688843,0.3800777792930603,0.0,3.121913194656372,0.31271249055862427,0.5522726774215698,0.0,5.893136024475098,58.0
school_sky_244809a1082b,diagnostic,0.29840028285980225,0.448078453540802,0.0,3.9790873527526855,0.26600930094718933,0.4029237926006317,0.0,2.922950506210327,0.2210272252559662,0.3578137755393982,0.0,3.0429351329803467,0.27264314889907837,0.5360394716262817,0.0,5.993292331695557,58.0
school_sky_a6b1c8f4fe16,diagnostic,0.27454087138175964,0.4047873020172119,0.0,3.4742329120635986,0.14220863580703735,0.3307018280029297,0.0,4.633486747741699,0.38189947605133057,0.5119625926017761,0.0,4.931724548339844,0.37927502393722534,0.6012217998504639,0.0,6.867989540100098,58.0
school_sky_90e16ae7c9a4,diagnostic,0.21476158499717712,0.37538689374923706,0.0,2.8328857421875,0.20169052481651306,0.3970353901386261,0.0,3.8843302726745605,0.3148016333580017,0.5896263122558594,0.0,6.570051193237305,0.37622740864753723,0.6085005402565002,0.0,5.7549238204956055,59.0
school_sky_b57666e1eec9,diagnostic,0.20404581725597382,0.3455517888069153,0.0,3.4743189811706543,0.18991799652576447,0.3405536711215973,0.0,3.2748773097991943,0.26247042417526245,0.4418288469314575,0.0,3.409602403640747,0.4630095064640045,0.6301344633102417,0.0,5.965695858001709,59.0
school_sky_73ff21945ae9,diagnostic,0.26600930094718933,0.4029237926006317,0.0,2.922950506210327,0.2210272252559662,0.3578137755393982,0.0,3.0429351329803467,0.27264314889907837,0.5360394716262817,0.0,5.993292331695557,0.48998284339904785,0.7516300678253174,0.0,8.09490966796875,59.0
school_sky_b5d5b98d3861,diagnostic,0.15876203775405884,0.31114935874938965,0.0,3.903762102127075,0.3380652070045471,0.5362435579299927,0.0,4.382431983947754,0.3607369065284729,0.4891766607761383,0.0,5.290735244750977,0.3700014352798462,0.557704508304596,0.0,5.116334915161133,59.0
school_sky_91d5e0c960de,diagnostic,0.20169052481651306,0.3970353901386261,0.0,3.8843302726745605,0.3148016333580017,0.5896263122558594,0.0,6.570051193237305,0.37622740864753723,0.6085005402565002,0.0,5.7549238204956055,0.32203781604766846,0.5467426180839539,0.0,6.143158435821533,60.0
school_sky_14e1fe729b17,diagnostic,0.1894872486591339,0.3337353467941284,0.0,3.1313929557800293,0.36319783329963684,0.5549043416976929,0.0,6.079285621643066,0.3489507734775543,0.5568866729736328,0.0,5.329901218414307,0.23654010891914368,0.5263738632202148,0.0,5.061349391937256,59.0
school_sky_fccf900232d8,diagnostic,0.18991799652576447,0.3405536711215973,0.0,3.2748773097991943,0.26247042417526245,0.4418288469314575,0.0,3.409602403640747,0.4630095064640045,0.6301344633102417,0.0,5.965695858001709,0.244622141122818,0.5627579092979431,0.0,5.167972564697266,60.0
school_sky_76e3958b7fe6,diagnostic,0.2210272252559662,0.3578137755393982,0.0,3.0429351329803467,0.27264314889907837,0.5360394716262817,0.0,5.993292331695557,0.48998284339904785,0.7516300678253174,0.0,8.09490966796875,0.2711390256881714,0.5391897559165955,0.0,5.348645210266113,60.0
school_sky_e8faa7072986,diagnostic,0.2729940414428711,0.45090505480766296,0.0,3.904249429702759,0.391119122505188,0.5676660537719727,0.0,5.634603977203369,0.5276984572410583,0.7295746207237244,0.0,6.546395301818848,0.29649248719215393,0.5550300478935242,0.0,4.798434257507324,60.0
school_sky_ad67d80c7b09,diagnostic,0.30415093898773193,0.44901612401008606,0.0,3.7365143299102783,0.26752305030822754,0.5366957187652588,0.0,6.295315265655518,0.44718965888023376,0.652349054813385,0.0,5.814892292022705,0.22111034393310547,0.5446625351905823,0.0,5.0474653244018555,60.0
school_sky_643e491d1318,diagnostic,0.3366698622703552,0.5302848219871521,0.0,4.986012935638428,0.30803772807121277,0.556483268737793,0.0,6.182658672332764,0.47827255725860596,0.7303419709205627,0.0,6.69584321975708,0.21159020066261292,0.5677494406700134,0.0,5.1517133712768555,61.0
school_sky_6995e4381e16,diagnostic,0.3330298960208893,0.5555984377861023,0.0,5.533449649810791,0.32297414541244507,0.5825117826461792,0.0,5.426661968231201,0.31148090958595276,0.5307926535606384,0.0,6.011668682098389,0.2862268090248108,0.6033678650856018,0.0,6.156881332397461,62.0
school_sky_503d0e1d3164,diagnostic,0.36319783329963684,0.5549043416976929,0.0,6.079285621643066,0.3489507734775543,0.5568866729736328,0.0,5.329901218414307,0.23654010891914368,0.5263738632202148,0.0,5.061349391937256,0.27314257621765137,0.5703865885734558,0.0,5.460142612457275,64.0
school_sky_f4767db781c9,diagnostic,0.31271249055862427,0.5522726774215698,0.0,5.893136024475098,0.4701322317123413,0.6829977035522461,0.0,6.182013034820557,0.29021668434143066,0.5112974047660828,0.0,4.979343414306641,0.26792651414871216,0.564832329750061,0.0,6.021159648895264,64.0
school_sky_bba27068fa1c,diagnostic,0.27264314889907837,0.5360394716262817,0.0,5.993292331695557,0.48998284339904785,0.7516300678253174,0.0,8.09490966796875,0.2711390256881714,0.5391897559165955,0.0,5.348645210266113,0.26910489797592163,0.5748584866523743,0.0,5.871206760406494,63.0
school_sky_8d47c4daf1b3,diagnostic,0.391119122505188,0.5676660537719727,0.0,5.634603977203369,0.5276984572410583,0.7295746207237244,0.0,6.546395301818848,0.29649248719215393,0.5550300478935242,0.0,4.798434257507324,0.27610519528388977,0.5626559853553772,0.0,6.1446533203125,66.0
school_sky_f547d41c9cf8,diagnostic,0.26752305030822754,0.5366957187652588,0.0,6.295315265655518,0.44718965888023376,0.652349054813385,0.0,5.814892292022705,0.22111034393310547,0.5446625351905823,0.0,5.0474653244018555,0.2559516429901123,0.5072504878044128,0.0,4.027370929718018,69.0
school_sky_b02edec6aa06,diagnostic,0.30803772807121277,0.556483268737793,0.0,6.182658672332764,0.47827255725860596,0.7303419709205627,0.0,6.69584321975708,0.21159020066261292,0.5677494406700134,0.0,5.1517133712768555,0.26378995180130005,0.5293717980384827,0.0,4.452083587646484,69.0
school_sky_9561d23a2a4b,diagnostic,0.37927502393722534,0.6012217998504639,0.0,6.867989540100098,0.26000189781188965,0.42699605226516724,0.0,3.1965973377227783,0.19263480603694916,0.47344255447387695,0.0,4.795108795166016,0.17542043328285217,0.49397334456443787,0.0,5.0782856941223145,66.0
school_sky_0993b424e771,diagnostic,0.3489507734775543,0.5568866729736328,0.0,5.329901218414307,0.23654010891914368,0.5263738632202148,0.0,5.061349391937256,0.27314257621765137,0.5703865885734558,0.0,5.460142612457275,0.21653787791728973,0.5473012924194336,0.0,4.965532302856445,75.0
school_sky_08591422f8de,diagnostic,0.4701322317123413,0.6829977035522461,0.0,6.182013034820557,0.29021668434143066,0.5112974047660828,0.0,4.979343414306641,0.26792651414871216,0.564832329750061,0.0,6.021159648895264,0.20843200385570526,0.5138017535209656,0.0,5.182121753692627,73.0
school_sky_8d09c5699366,diagnostic,0.48998284339904785,0.7516300678253174,0.0,8.09490966796875,0.2711390256881714,0.5391897559165955,0.0,5.348645210266113,0.26910489797592163,0.5748584866523743,0.0,5.871206760406494,0.19118326902389526,0.4595927596092224,0.0,4.170647621154785,74.0
school_sky_fc0f7fe156d0,diagnostic,0.44718965888023376,0.652349054813385,0.0,5.814892292022705,0.22111034393310547,0.5446625351905823,0.0,5.0474653244018555,0.2559516429901123,0.5072504878044128,0.0,4.027370929718018,0.2888786792755127,0.5778391361236572,0.0,4.671761512756348,73.0
school_sky_1987511981dc,diagnostic,0.3700014352798462,0.557704508304596,0.0,5.116334915161133,0.2019686996936798,0.47071096301078796,0.0,4.297816276550293,0.23872442543506622,0.48531216382980347,0.0,4.235783100128174,0.20121757686138153,0.5587233304977417,0.0,5.31097412109375,74.0
school_sky_a4bdafb02324,diagnostic,0.26000189781188965,0.42699605226516724,0.0,3.1965973377227783,0.19263480603694916,0.47344255447387695,0.0,4.795108795166016,0.17542043328285217,0.49397334456443787,0.0,5.0782856941223145,0.2038593888282776,0.45424696803092957,0.0,4.612358093261719,74.0
school_sky_21eb831427b4,diagnostic,0.23654010891914368,0.5263738632202148,0.0,5.061349391937256,0.27314257621765137,0.5703865885734558,0.0,5.460142612457275,0.21653787791728973,0.5473012924194336,0.0,4.965532302856445,0.16612611711025238,0.5373319983482361,0.0,5.5459980964660645,75.0
school_sky_d7a84d168610,diagnostic,0.244622141122818,0.5627579092979431,0.0,5.167972564697266,0.2694334387779236,0.5535862445831299,0.0,5.458868503570557,0.17525523900985718,0.450147420167923,0.0,5.276838779449463,0.16669806838035583,0.5489879250526428,0.0,5.64945125579834,75.0
school_sky_c8fa42f1352d,diagnostic,0.2711390256881714,0.5391897559165955,0.0,5.348645210266113,0.26910489797592163,0.5748584866523743,0.0,5.871206760406494,0.19118326902389526,0.4595927596092224,0.0,4.170647621154785,0.2116277813911438,0.5383027195930481,0.0,5.018086910247803,75.0
school_sky_9e62e77f40f3,diagnostic,0.2845236659049988,0.6010231375694275,0.0,5.5602216720581055,0.18171212077140808,0.4489811956882477,0.0,4.598470687866211,0.16326063871383667,0.5048094987869263,0.0,5.255490779876709,0.16683101654052734,0.5269518494606018,0.0,5.192619800567627,75.0
school_sky_37e85f4e3505,diagnostic,0.2862268090248108,0.6033678650856018,0.0,6.156881332397461,0.19650712609291077,0.5179187059402466,0.0,4.872708320617676,0.16735637187957764,0.5192902684211731,0.0,5.4632182121276855,0.1781889796257019,0.5106906294822693,0.0,5.2831950187683105,75.0
school_sky_0945ea2c8fbd,diagnostic,0.2694334387779236,0.5535862445831299,0.0,5.458868503570557,0.17525523900985718,0.450147420167923,0.0,5.276838779449463,0.16669806838035583,0.5489879250526428,0.0,5.64945125579834,0.18601973354816437,0.5294676423072815,0.0,5.327474594116211,76.0
school_sky_a50f992ba16c,diagnostic,0.27610519528388977,0.5626559853553772,0.0,6.1446533203125,0.2475072592496872,0.5643563866615295,0.0,5.679856777191162,0.1668033003807068,0.440077543258667,0.0,4.62135648727417,0.19911667704582214,0.480765700340271,0.0,3.8413898944854736,78.0
school_sky_d8f8815f7c0d,diagnostic,0.26378995180130005,0.5293717980384827,0.0,4.452083587646484,0.2142913043498993,0.5083950757980347,0.0,4.661081790924072,0.16565585136413574,0.4928446412086487,0.0,4.9282355308532715,0.14600273966789246,0.5035358667373657,0.0,5.875222206115723,77.0
school_sky_d7857318a18e,diagnostic,0.15859371423721313,0.4449990391731262,0.0,4.476605415344238,0.16599856317043304,0.4771837294101715,0.0,4.642993450164795,0.15617990493774414,0.4732109606266022,0.0,5.296418190002441,0.15223097801208496,0.5138536095619202,0.0,5.9296088218688965,79.0
school_sky_6748733132b9,diagnostic,0.18171212077140808,0.4489811956882477,0.0,4.598470687866211,0.16326063871383667,0.5048094987869263,0.0,5.255490779876709,0.16683101654052734,0.5269518494606018,0.0,5.192619800567627,0.15094885230064392,0.5215991735458374,0.0,5.8829240798950195,78.0
school_sky_3443eef429e0,diagnostic,0.17525523900985718,0.450147420167923,0.0,5.276838779449463,0.16669806838035583,0.5489879250526428,0.0,5.64945125579834,0.18601973354816437,0.5294676423072815,0.0,5.327474594116211,0.1569662094116211,0.5329331755638123,0.0,6.4232611656188965,80.0
school_sky_5aa6f728976e,diagnostic,0.2475072592496872,0.5643563866615295,0.0,5.679856777191162,0.1668033003807068,0.440077543258667,0.0,4.62135648727417,0.19911667704582214,0.480765700340271,0.0,3.8413898944854736,0.1543201506137848,0.5256301164627075,0.0,6.293642997741699,81.0
school_sky_ec169abc4e7c,diagnostic,0.2888786792755127,0.5778391361236572,0.0,4.671761512756348,0.1527121663093567,0.4871293306350708,0.0,5.053333759307861,0.163049578666687,0.4619356691837311,0.0,4.940899848937988,0.1518755853176117,0.5271902680397034,0.0,6.232658386230469,79.0
school_sky_b37e3a1dffd3,diagnostic,0.2142913043498993,0.5083950757980347,0.0,4.661081790924072,0.16565585136413574,0.4928446412086487,0.0,4.9282355308532715,0.14600273966789246,0.5035358667373657,0.0,5.875222206115723,0.15263676643371582,0.5323467254638672,0.0,6.188670635223389,81.0
school_sky_05b7759858ac,diagnostic,0.16599856317043304,0.4771837294101715,0.0,4.642993450164795,0.15617990493774414,0.4732109606266022,0.0,5.296418190002441,0.15223097801208496,0.5138536095619202,0.0,5.9296088218688965,0.15464267134666443,0.5250207781791687,0.0,6.222560405731201,81.0
school_sky_dfb613df6847,diagnostic,0.16326063871383667,0.5048094987869263,0.0,5.255490779876709,0.16683101654052734,0.5269518494606018,0.0,5.192619800567627,0.15094885230064392,0.5215991735458374,0.0,5.8829240798950195,0.15622606873512268,0.5284217000007629,0.0,6.2714314460754395,81.0
school_sky_d56b73547341,diagnostic,0.16612611711025238,0.5373319983482361,0.0,5.5459980964660645,0.18276989459991455,0.5225415825843811,0.0,5.458917140960693,0.15483993291854858,0.5339930653572083,0.0,6.3646039962768555,0.15137004852294922,0.5203897356987,0.0,6.05980920791626,80.0
school_sky_50c5d3cf1e80,diagnostic,0.16669806838035583,0.5489879250526428,0.0,5.64945125579834,0.18601973354816437,0.5294676423072815,0.0,5.327474594116211,0.1569662094116211,0.5329331755638123,0.0,6.4232611656188965,0.15237732231616974,0.52281653881073,0.0,6.3595991134643555,80.0
school_sky_e0ec342c8798,diagnostic,0.1668033003807068,0.440077543258667,0.0,4.62135648727417,0.19911667704582214,0.480765700340271,0.0,3.8413898944854736,0.1543201506137848,0.5256301164627075,0.0,6.293642997741699,0.15256953239440918,0.5203102231025696,0.0,6.084686756134033,80.0
school_sky_af5a37a8899a,diagnostic,0.1527121663093567,0.4871293306350708,0.0,5.053333759307861,0.163049578666687,0.4619356691837311,0.0,4.940899848937988,0.1518755853176117,0.5271902680397034,0.0,6.232658386230469,0.1605294942855835,0.5332125425338745,0.0,6.251718997955322,80.0
school_sky_e96ce79560d7,diagnostic,0.16565585136413574,0.4928446412086487,0.0,4.9282355308532715,0.14600273966789246,0.5035358667373657,0.0,5.875222206115723,0.15263676643371582,0.5323467254638672,0.0,6.188670635223389,0.15430915355682373,0.5283798575401306,0.0,6.26147985458374,80.0
school_sky_9a27a4c66342,diagnostic,0.15617990493774414,0.4732109606266022,0.0,5.296418190002441,0.15223097801208496,0.5138536095619202,0.0,5.9296088218688965,0.15464267134666443,0.5250207781791687,0.0,6.222560405731201,0.15595638751983643,0.5288754105567932,0.0,6.176745891571045,80.0
school_sky_31ec33817643,diagnostic,0.16683101654052734,0.5269518494606018,0.0,5.192619800567627,0.15094885230064392,0.5215991735458374,0.0,5.8829240798950195,0.15622606873512268,0.5284217000007629,0.0,6.2714314460754395,0.15474896132946014,0.5249984264373779,0.0,6.264389991760254,80.0
school_sky_1e444ee0e690,diagnostic,0.18276989459991455,0.5225415825843811,0.0,5.458917140960693,0.15483993291854858,0.5339930653572083,0.0,6.3646039962768555,0.15137004852294922,0.5203897356987,0.0,6.05980920791626,0.15342873334884644,0.5240047574043274,0.0,6.266226291656494,80.0
school_sky_d25a3d6851d9,diagnostic,0.19126904010772705,0.5470508337020874,0.0,5.370900630950928,0.15710164606571198,0.5325501561164856,0.0,6.268892765045166,0.1552625596523285,0.5248824954032898,0.0,6.172627925872803,0.15676355361938477,0.5275026559829712,0.0,6.425282955169678,80.0
school_sky_bcb6cb6b9f2c,diagnostic,0.163049578666687,0.4619356691837311,0.0,4.940899848937988,0.1518755853176117,0.5271902680397034,0.0,6.232658386230469,0.1605294942855835,0.5332125425338745,0.0,6.251718997955322,0.15211915969848633,0.527650773525238,0.0,6.349128246307373,81.0
school_sky_b5d54612ce99,diagnostic,0.15094885230064392,0.5215991735458374,0.0,5.8829240798950195,0.15622606873512268,0.5284217000007629,0.0,6.2714314460754395,0.15474896132946014,0.5249984264373779,0.0,6.264389991760254,0.15522265434265137,0.5253301858901978,0.0,6.07946252822876,82.0
school_sky_45d997847d7a,diagnostic,0.15609724819660187,0.5339629054069519,0.0,6.49135160446167,0.15605634450912476,0.5300476551055908,0.0,6.327321529388428,0.15587787330150604,0.5335893630981445,0.0,6.465395450592041,0.15291056036949158,0.5253697037696838,0.0,6.255119800567627,83.0
school_sky_5140882ee2ae,diagnostic,0.1518755853176117,0.5271902680397034,0.0,6.232658386230469,0.1605294942855835,0.5332125425338745,0.0,6.251718997955322,0.15211915969848633,0.527650773525238,0.0,6.349128246307373,0.15137381851673126,0.5253018736839294,0.0,6.19306755065918,84.0
school_sky_f35e98500903,diagnostic,0.15338341891765594,0.5141372084617615,0.0,6.165397644042969,0.15475624799728394,0.5253269076347351,0.0,6.31422233581543,0.15476228296756744,0.5347123146057129,0.0,6.25324010848999,0.15150988101959229,0.5239871144294739,0.0,6.088718891143799,85.0
school_sky_a998b59b787d,diagnostic,0.15622606873512268,0.5284217000007629,0.0,6.2714314460754395,0.15474896132946014,0.5249984264373779,0.0,6.264389991760254,0.15522265434265137,0.5253301858901978,0.0,6.07946252822876,0.1533644199371338,0.5262919068336487,0.0,6.036003589630127,85.0
school_sky_1199808fae71,diagnostic,0.1525108516216278,0.5182621479034424,0.0,6.188134670257568,0.15640176832675934,0.5282931327819824,0.0,6.2907328605651855,0.15320076048374176,0.5234637260437012,0.0,6.153026103973389,0.1516323983669281,0.5249229669570923,0.0,6.12919282913208,85.0
school_sky_8280b93b25c4,diagnostic,0.15605634450912476,0.5300476551055908,0.0,6.327321529388428,0.15587787330150604,0.5335893630981445,0.0,6.465395450592041,0.15291056036949158,0.5253697037696838,0.0,6.255119800567627,0.15508019924163818,0.5239847302436829,0.0,6.0444841384887695,87.0
school_sky_f22f6186d07a,diagnostic,0.15256953239440918,0.5203102231025696,0.0,6.084686756134033,0.15197671949863434,0.5330085754394531,0.0,6.491955757141113,0.1512632668018341,0.526240348815918,0.0,6.057107448577881,0.15288026630878448,0.528396487236023,0.0,6.106071949005127,87.0
school_sky_29ee61ff82f4,diagnostic,0.1605294942855835,0.5332125425338745,0.0,6.251718997955322,0.15211915969848633,0.527650773525238,0.0,6.349128246307373,0.15137381851673126,0.5253018736839294,0.0,6.19306755065918,0.15482449531555176,0.5272493362426758,0.0,6.082448482513428,88.0
school_sky_05537fa83d59,diagnostic,0.15475624799728394,0.5253269076347351,0.0,6.31422233581543,0.15476228296756744,0.5347123146057129,0.0,6.25324010848999,0.15150988101959229,0.5239871144294739,0.0,6.088718891143799,0.15281765162944794,0.5256123542785645,0.0,6.12080717086792,88.0
school_sky_b0f25eaaca47,diagnostic,0.15676355361938477,0.5275026559829712,0.0,6.425282955169678,0.15376175940036774,0.5206424593925476,0.0,6.215921878814697,0.15428271889686584,0.5204211473464966,0.0,5.966933250427246,0.15208034217357635,0.5142035484313965,0.0,5.948022842407227,88.0
school_sky_ee6a69108dc2,diagnostic,0.15197671949863434,0.5330085754394531,0.0,6.491955757141113,0.1512632668018341,0.526240348815918,0.0,6.057107448577881,0.15288026630878448,0.528396487236023,0.0,6.106071949005127,0.15446238219738007,0.5243873000144958,0.0,6.0660505294799805,89.0
school_sky_0bb1a021da86,diagnostic,0.15211915969848633,0.527650773525238,0.0,6.349128246307373,0.15137381851673126,0.5253018736839294,0.0,6.19306755065918,0.15482449531555176,0.5272493362426758,0.0,6.082448482513428,0.15258070826530457,0.5221164226531982,0.0,6.212266445159912,89.0
school_sky_d22234dbc2ed,diagnostic,0.15476228296756744,0.5347123146057129,0.0,6.25324010848999,0.15150988101959229,0.5239871144294739,0.0,6.088718891143799,0.15281765162944794,0.5256123542785645,0.0,6.12080717086792,0.15574878454208374,0.5257301330566406,0.0,6.151644706726074,90.0
school_sky_14f8daae5b1d,diagnostic,0.15418124198913574,0.5337247848510742,0.0,6.326895236968994,0.14773252606391907,0.5154024958610535,0.0,6.070278644561768,0.1505345106124878,0.5133317112922668,0.0,5.959227085113525,0.15185017883777618,0.5275995135307312,0.0,6.212954044342041,90.0
school_sky_654c089467ff,diagnostic,0.15244978666305542,0.5141407251358032,0.0,6.0667877197265625,0.15743333101272583,0.5312169194221497,0.0,6.1883320808410645,0.1534629911184311,0.5227672457695007,0.0,6.157212734222412,0.15295752882957458,0.518678605556488,0.0,5.99174165725708,92.0
school_sky_f10713a73826,diagnostic,0.15291056036949158,0.5253697037696838,0.0,6.255119800567627,0.15508019924163818,0.5239847302436829,0.0,6.0444841384887695,0.15262871980667114,0.5228639841079712,0.0,6.117870807647705,0.154905766248703,0.5247639417648315,0.0,6.151634693145752,91.0
school_sky_feed9354bedb,diagnostic,0.1512632668018341,0.526240348815918,0.0,6.057107448577881,0.15288026630878448,0.528396487236023,0.0,6.106071949005127,0.15446238219738007,0.5243873000144958,0.0,6.0660505294799805,0.15679538249969482,0.5277889370918274,0.0,6.1812357902526855,92.0
school_sky_4b8ea86bf5fc,diagnostic,0.15137381851673126,0.5253018736839294,0.0,6.19306755065918,0.15482449531555176,0.5272493362426758,0.0,6.082448482513428,0.15258070826530457,0.5221164226531982,0.0,6.212266445159912,0.15538349747657776,0.5251786708831787,0.0,6.065608501434326,92.0
school_sky_cd38bf8cccea,diagnostic,0.1545695662498474,0.5277054905891418,0.0,6.281197547912598,0.15402957797050476,0.5199460387229919,0.0,6.291982173919678,0.15629558265209198,0.5177745223045349,0.0,5.9754862785339355,0.15456350147724152,0.5282716751098633,0.0,6.083950519561768,93.0
school_sky_d9860d9c2ce2,diagnostic,0.14773252606391907,0.5154024958610535,0.0,6.070278644561768,0.1505345106124878,0.5133317112922668,0.0,5.959227085113525,0.15185017883777618,0.5275995135307312,0.0,6.212954044342041,0.15528544783592224,0.5226866006851196,0.0,5.992298126220703,93.0
school_sky_1abfdc6e116e,diagnostic,0.15237541496753693,0.5152892470359802,0.0,5.892124652862549,0.1529054343700409,0.5205627083778381,0.0,6.249907493591309,0.1574823260307312,0.5366166234016418,0.0,6.27946662902832,0.1605193316936493,0.5404808521270752,0.0,6.356133937835693,93.0
school_sky_530ac91b81f7,diagnostic,0.15428271889686584,0.5204211473464966,0.0,5.966933250427246,0.15208034217357635,0.5142035484313965,0.0,5.948022842407227,0.15297408401966095,0.5252765417098999,0.0,6.210968494415283,0.15766531229019165,0.5353264212608337,0.0,6.308178901672363,93.0
school_sky_cb32ee060591,diagnostic,0.15482449531555176,0.5272493362426758,0.0,6.082448482513428,0.15258070826530457,0.5221164226531982,0.0,6.212266445159912,0.15538349747657776,0.5251786708831787,0.0,6.065608501434326,0.1540682017803192,0.5267371535301208,0.0,6.232799053192139,94.0
school_sky_182b45800d6a,diagnostic,0.15402957797050476,0.5199460387229919,0.0,6.291982173919678,0.15629558265209198,0.5177745223045349,0.0,5.9754862785339355,0.15456350147724152,0.5282716751098633,0.0,6.083950519561768,0.1536031812429428,0.5174645185470581,0.0,5.95367431640625,93.0
school_sky_3187c6bbb80a,diagnostic,0.1514109969139099,0.5192385315895081,0.0,6.113351345062256,0.15634885430335999,0.5364307165145874,0.0,6.07951021194458,0.15291330218315125,0.5234934687614441,0.0,6.081170558929443,0.15543687343597412,0.5248193740844727,0.0,6.047943592071533,94.0
school_sky_ca37817c571a,diagnostic,0.15253466367721558,0.526344895362854,0.0,6.264619827270508,0.15275971591472626,0.5188904404640198,0.0,6.095376491546631,0.15675169229507446,0.5373814702033997,0.0,6.315215110778809,0.15232549607753754,0.5274147987365723,0.0,6.0835795402526855,94.0
school_sky_1ab51f6acf16,diagnostic,0.1529054343700409,0.5205627083778381,0.0,6.249907493591309,0.1574823260307312,0.5366166234016418,0.0,6.27946662902832,0.1605193316936493,0.5404808521270752,0.0,6.356133937835693,0.1542840600013733,0.5306380391120911,0.0,6.192821025848389,94.0
school_sky_998349e465c5,diagnostic,0.15258070826530457,0.5221164226531982,0.0,6.212266445159912,0.15538349747657776,0.5251786708831787,0.0,6.065608501434326,0.1540682017803192,0.5267371535301208,0.0,6.232799053192139,0.15687978267669678,0.5257014036178589,0.0,6.19282865524292,94.0
school_sky_6071c9d926be,diagnostic,0.15629558265209198,0.5177745223045349,0.0,5.9754862785339355,0.15456350147724152,0.5282716751098633,0.0,6.083950519561768,0.1536031812429428,0.5174645185470581,0.0,5.95367431640625,0.15341025590896606,0.5199832916259766,0.0,6.063047885894775,94.0
school_sky_5ea9755b04f1,diagnostic,0.15574878454208374,0.5257301330566406,0.0,6.151644706726074,0.15172573924064636,0.5257997512817383,0.0,6.191747188568115,0.15498197078704834,0.5212633609771729,0.0,6.1634721755981445,0.1562936007976532,0.5234001278877258,0.0,6.087313652038574,94.0
school_sky_7c18b52f6316,diagnostic,0.15634885430335999,0.5364307165145874,0.0,6.07951021194458,0.15291330218315125,0.5234934687614441,0.0,6.081170558929443,0.15543687343597412,0.5248193740844727,0.0,6.047943592071533,0.14943718910217285,0.5152623653411865,0.0,5.894405841827393,95.0
school_sky_0072aab8e9dc,diagnostic,0.1574823260307312,0.5366166234016418,0.0,6.27946662902832,0.1605193316936493,0.5404808521270752,0.0,6.356133937835693,0.1542840600013733,0.5306380391120911,0.0,6.192821025848389,0.15793123841285706,0.508568286895752,0.0,5.811736106872559,95.0
school_sky_282627a0274c,diagnostic,0.15295752882957458,0.518678605556488,0.0,5.99174165725708,0.15569356083869934,0.5285587310791016,0.0,6.218504428863525,0.15322290360927582,0.5278510451316833,0.0,6.039475917816162,0.20516282320022583,0.4888404309749603,0.0,5.273616790771484,95.0
school_sky_ffec23b7d222,diagnostic,0.15679538249969482,0.5277889370918274,0.0,6.1812357902526855,0.15511465072631836,0.5305509567260742,0.0,6.344959259033203,0.15174132585525513,0.5256364941596985,0.0,6.209933280944824,0.2631814181804657,0.5403895974159241,0.0,4.384606838226318,94.0
school_sky_0740cbdb17da,diagnostic,0.15538349747657776,0.5251786708831787,0.0,6.065608501434326,0.1540682017803192,0.5267371535301208,0.0,6.232799053192139,0.15687978267669678,0.5257014036178589,0.0,6.19282865524292,0.23956751823425293,0.49000367522239685,0.0,3.957895517349243,94.0
school_sky_c7a207cc38a5,diagnostic,0.15456350147724152,0.5282716751098633,0.0,6.083950519561768,0.1536031812429428,0.5174645185470581,0.0,5.95367431640625,0.15341025590896606,0.5199832916259766,0.0,6.063047885894775,0.18954913318157196,0.4649394750595093,0.0,4.35891580581665,94.0
school_sky_2eb5a9b91659,diagnostic,0.1605193316936493,0.5404808521270752,0.0,6.356133937835693,0.1542840600013733,0.5306380391120911,0.0,6.192821025848389,0.15793123841285706,0.508568286895752,0.0,5.811736106872559,0.27570751309394836,0.5095823407173157,0.0,3.662601947784424,93.0
school_sky_686be0539113,diagnostic,0.15569356083869934,0.5285587310791016,0.0,6.218504428863525,0.15322290360927582,0.5278510451316833,0.0,6.039475917816162,0.20516282320022583,0.4888404309749603,0.0,5.273616790771484,0.2715316116809845,0.5019588470458984,0.0,4.715221405029297,92.0
school_sky_d897a378b980,diagnostic,0.15825167298316956,0.5255100131034851,0.0,6.11785888671875,0.1519181728363037,0.5133901238441467,0.0,5.986515045166016,0.2628020644187927,0.5438399314880371,0.0,5.041595458984375,0.2745319604873657,0.5220308899879456,0.0,5.856386661529541,92.0
school_sky_723513e9d4d7,diagnostic,0.15511465072631836,0.5305509567260742,0.0,6.344959259033203,0.15174132585525513,0.5256364941596985,0.0,6.209933280944824,0.2631814181804657,0.5403895974159241,0.0,4.384606838226318,0.35247519612312317,0.5128434896469116,0.0,4.869051933288574,91.0
school_sky_71eaace38555,diagnostic,0.1536031812429428,0.5174645185470581,0.0,5.95367431640625,0.15341025590896606,0.5199832916259766,0.0,6.063047885894775,0.18954913318157196,0.4649394750595093,0.0,4.35891580581665,0.29701101779937744,0.5358461737632751,0.0,5.346244812011719,91.0
school_sky_d498828a08b0,diagnostic,0.16014063358306885,0.5236161351203918,0.0,6.083108425140381,0.14702795445919037,0.503574788570404,0.0,5.576774597167969,0.1771378368139267,0.48223191499710083,0.0,4.965573787689209,0.2803504765033722,0.5489251017570496,0.0,5.921021461486816,90.0
school_sky_8d484f35e4d8,diagnostic,0.15232549607753754,0.5274147987365723,0.0,6.0835795402526855,0.1520119458436966,0.5014954209327698,0.0,5.687032699584961,0.1803833693265915,0.42064815759658813,0.0,3.553931713104248,0.33003613352775574,0.5650643706321716,0.0,5.36553430557251,90.0
school_sky_852b4496fa33,diagnostic,0.15322290360927582,0.5278510451316833,0.0,6.039475917816162,0.20516282320022583,0.4888404309749603,0.0,5.273616790771484,0.2715316116809845,0.5019588470458984,0.0,4.715221405029297,0.31365352869033813,0.5535215139389038,0.0,6.148893356323242,91.0
school_sky_7786cbb7dc8b,diagnostic,0.15174132585525513,0.5256364941596985,0.0,6.209933280944824,0.2631814181804657,0.5403895974159241,0.0,4.384606838226318,0.35247519612312317,0.5128434896469116,0.0,4.869051933288574,0.25789058208465576,0.5191891193389893,0.0,5.8378496170043945,87.0
school_sky_92eafd3e3f06,diagnostic,0.15341025590896606,0.5199832916259766,0.0,6.063047885894775,0.18954913318157196,0.4649394750595093,0.0,4.35891580581665,0.29701101779937744,0.5358461737632751,0.0,5.346244812011719,0.2542610168457031,0.5044353604316711,0.0,4.803549766540527,86.0
school_sky_6c9c86761f74,diagnostic,0.14702795445919037,0.503574788570404,0.0,5.576774597167969,0.1771378368139267,0.48223191499710083,0.0,4.965573787689209,0.2803504765033722,0.5489251017570496,0.0,5.921021461486816,0.24595187604427338,0.5279617309570312,0.0,4.529900074005127,88.0
school_sky_6458f73b7cd5,diagnostic,0.20516282320022583,0.4888404309749603,0.0,5.273616790771484,0.2715316116809845,0.5019588470458984,0.0,4.715221405029297,0.31365352869033813,0.5535215139389038,0.0,6.148893356323242,0.22169464826583862,0.46297577023506165,0.0,3.849987745285034,81.0
school_sky_0d1ce8e462bb,diagnostic,0.2631814181804657,0.5403895974159241,0.0,4.384606838226318,0.35247519612312317,0.5128434896469116,0.0,4.869051933288574,0.25789058208465576,0.5191891193389893,0.0,5.8378496170043945,0.2973742187023163,0.49571213126182556,0.0,3.6608197689056396,80.0
school_sky_2fd0318313f3,diagnostic,0.18954913318157196,0.4649394750595093,0.0,4.35891580581665,0.29701101779937744,0.5358461737632751,0.0,5.346244812011719,0.2542610168457031,0.5044353604316711,0.0,4.803549766540527,0.2668665051460266,0.5077854990959167,0.0,4.67698860168457,80.0
school_sky_c7fec3f61a15,diagnostic,0.1771378368139267,0.48223191499710083,0.0,4.965573787689209,0.2803504765033722,0.5489251017570496,0.0,5.921021461486816,0.24595187604427338,0.5279617309570312,0.0,4.529900074005127,0.3191952407360077,0.5507664084434509,0.0,4.351057529449463,79.0
school_sky_8d2cc59496e0,diagnostic,0.27570751309394836,0.5095823407173157,0.0,3.662601947784424,0.2806897759437561,0.5176088213920593,0.0,5.983499050140381,0.24376137554645538,0.42604589462280273,0.0,3.8268706798553467,0.2673553228378296,0.4828992187976837,0.0,4.612565994262695,77.0
school_sky_589bfef6de04,diagnostic,0.2715316116809845,0.5019588470458984,0.0,4.715221405029297,0.31365352869033813,0.5535215139389038,0.0,6.148893356323242,0.22169464826583862,0.46297577023506165,0.0,3.849987745285034,0.2753646969795227,0.5244709849357605,0.0,4.709079742431641,84.0
school_sky_2abf35f02c95,diagnostic,0.2656375765800476,0.4861944019794464,0.0,4.565717697143555,0.28976136445999146,0.5700697898864746,0.0,6.005468845367432,0.2802884578704834,0.48920366168022156,0.0,5.090774059295654,0.32106441259384155,0.565288782119751,0.0,5.990213871002197,76.0
school_sky_19f1b0158864,diagnostic,0.2745319604873657,0.5220308899879456,0.0,5.856386661529541,0.34840014576911926,0.5751703381538391,0.0,6.7902021408081055,0.2775198221206665,0.48199817538261414,0.0,5.323445796966553,0.31586387753486633,0.518052339553833,0.0,5.902516841888428,76.0
school_sky_153631bd7db5,diagnostic,0.35247519612312317,0.5128434896469116,0.0,4.869051933288574,0.25789058208465576,0.5191891193389893,0.0,5.8378496170043945,0.2973742187023163,0.49571213126182556,0.0,3.6608197689056396,0.2988446354866028,0.5540387630462646,0.0,5.5750346183776855,77.0
school_sky_b73c1aff8796,diagnostic,0.29701101779937744,0.5358461737632751,0.0,5.346244812011719,0.2542610168457031,0.5044353604316711,0.0,4.803549766540527,0.2668665051460266,0.5077854990959167,0.0,4.67698860168457,0.24761851131916046,0.5545511841773987,0.0,5.90225076675415,76.0
school_sky_329dff1fd945,diagnostic,0.2803504765033722,0.5489251017570496,0.0,5.921021461486816,0.24595187604427338,0.5279617309570312,0.0,4.529900074005127,0.3191952407360077,0.5507664084434509,0.0,4.351057529449463,0.24060718715190887,0.47793838381767273,0.0,4.97889518737793,74.0
school_sky_42e2b3b16cb1,diagnostic,0.2806897759437561,0.5176088213920593,0.0,5.983499050140381,0.24376137554645538,0.42604589462280273,0.0,3.8268706798553467,0.2673553228378296,0.4828992187976837,0.0,4.612565994262695,0.2748001515865326,0.5377580523490906,0.0,5.134348392486572,73.0
school_sky_4d23f6939ce4,diagnostic,0.31365352869033813,0.5535215139389038,0.0,6.148893356323242,0.22169464826583862,0.46297577023506165,0.0,3.849987745285034,0.2753646969795227,0.5244709849357605,0.0,4.709079742431641,0.2633894681930542,0.546693742275238,0.0,5.622771263122559,74.0
school_sky_cee6c8906149,diagnostic,0.28976136445999146,0.5700697898864746,0.0,6.005468845367432,0.2802884578704834,0.48920366168022156,0.0,5.090774059295654,0.32106441259384155,0.565288782119751,0.0,5.990213871002197,0.22705650329589844,0.4875379502773285,0.0,4.911696434020996,75.0
school_sky_8400e6948fc4,diagnostic,0.34840014576911926,0.5751703381538391,0.0,6.7902021408081055,0.2775198221206665,0.48199817538261414,0.0,5.323445796966553,0.31586387753486633,0.518052339553833,0.0,5.902516841888428,0.21189001202583313,0.5291293859481812,0.0,5.538118362426758,73.0
school_sky_33205d326c97,diagnostic,0.2542610168457031,0.5044353604316711,0.0,4.803549766540527,0.2668665051460266,0.5077854990959167,0.0,4.67698860168457,0.24761851131916046,0.5545511841773987,0.0,5.90225076675415,0.24281169474124908,0.5124321579933167,0.0,5.071671485900879,74.0
school_sky_0d271cb361f0,diagnostic,0.24595187604427338,0.5279617309570312,0.0,4.529900074005127,0.3191952407360077,0.5507664084434509,0.0,4.351057529449463,0.24060718715190887,0.47793838381767273,0.0,4.97889518737793,0.29058173298835754,0.5436493158340454,0.0,5.727379322052002,73.0
school_sky_311f7e72db09,diagnostic,0.2802884578704834,0.48920366168022156,0.0,5.090774059295654,0.32106441259384155,0.565288782119751,0.0,5.990213871002197,0.22705650329589844,0.4875379502773285,0.0,4.911696434020996,0.2731212377548218,0.4963739514350891,0.0,5.700401782989502,73.0
school_sky_51bb9651aa88,diagnostic,0.2775198221206665,0.48199817538261414,0.0,5.323445796966553,0.31586387753486633,0.518052339553833,0.0,5.902516841888428,0.21189001202583313,0.5291293859481812,0.0,5.538118362426758,0.1945233792066574,0.4534550607204437,0.0,4.665175437927246,80.0
school_sky_9b005aac54ca,diagnostic,0.28682583570480347,0.5084496140480042,0.0,3.8519787788391113,0.2584459185600281,0.5399027466773987,0.0,4.963097095489502,0.21153968572616577,0.4440419673919678,0.0,4.072872638702393,0.1940404325723648,0.3797568678855896,0.0,3.6642398834228516,79.0
school_sky_7e598b1fbf6e,diagnostic,0.2668665051460266,0.5077854990959167,0.0,4.67698860168457,0.24761851131916046,0.5545511841773987,0.0,5.90225076675415,0.24281169474124908,0.5124321579933167,0.0,5.071671485900879,0.2437739223241806,0.4636008143424988,0.0,4.879350662231445,80.0
school_sky_4c41522c28f1,diagnostic,0.33180326223373413,0.5254470109939575,0.0,3.90506911277771,0.2840697765350342,0.5132368206977844,0.0,5.928877830505371,0.2612856924533844,0.5244799256324768,0.0,5.3982391357421875,0.20737001299858093,0.4984681308269501,0.0,4.38911771774292,80.0
school_sky_85bc65019e63,diagnostic,0.3191952407360077,0.5507664084434509,0.0,4.351057529449463,0.24060718715190887,0.47793838381767273,0.0,4.97889518737793,0.29058173298835754,0.5436493158340454,0.0,5.727379322052002,0.22749033570289612,0.45148617029190063,0.0,5.01052713394165,82.0
school_sky_06d86ec41354,diagnostic,0.32106441259384155,0.565288782119751,0.0,5.990213871002197,0.22705650329589844,0.4875379502773285,0.0,4.911696434020996,0.2731212377548218,0.4963739514350891,0.0,5.700401782989502,0.27176785469055176,0.5425660014152527,0.0,6.462395191192627,83.0
school_sky_10b965a1e750,diagnostic,0.31586387753486633,0.518052339553833,0.0,5.902516841888428,0.21189001202583313,0.5291293859481812,0.0,5.538118362426758,0.1945233792066574,0.4534550607204437,0.0,4.665175437927246,0.3029767870903015,0.509510338306427,0.0,6.117456436157227,83.0
school_sky_70f834491503,diagnostic,0.2584459185600281,0.5399027466773987,0.0,4.963097095489502,0.21153968572616577,0.4440419673919678,0.0,4.072872638702393,0.1940404325723648,0.3797568678855896,0.0,3.6642398834228516,0.2582339644432068,0.480887234210968,0.0,4.217216968536377,84.0
school_sky_1aa31293d497,diagnostic,0.24060718715190887,0.47793838381767273,0.0,4.97889518737793,0.29058173298835754,0.5436493158340454,0.0,5.727379322052002,0.22749033570289612,0.45148617029190063,0.0,5.01052713394165,0.17560207843780518,0.41349902749061584,0.0,3.5993340015411377,85.0
school_sky_c2fde5416429,diagnostic,0.29017704725265503,0.5138114094734192,0.0,5.699533939361572,0.2587418556213379,0.5189257860183716,0.0,5.3884100914001465,0.24832001328468323,0.5293830633163452,0.0,6.014834403991699,0.23539957404136658,0.49736595153808594,0.0,5.1290388107299805,87.0
school_sky_e7b0ee0e9835,diagnostic,0.2748001515865326,0.5377580523490906,0.0,5.134348392486572,0.23001506924629211,0.47097933292388916,0.0,4.590295314788818,0.19798244535923004,0.46983903646469116,0.0,4.4876179695129395,0.19805777072906494,0.4868398606777191,0.0,4.273603916168213,87.0
school_sky_4fa45d12d9f2,diagnostic,0.21189001202583313,0.5291293859481812,0.0,5.538118362426758,0.1945233792066574,0.4534550607204437,0.0,4.665175437927246,0.3029767870903015,0.509510338306427,0.0,6.117456436157227,0.3304523825645447,0.6460639238357544,0.0,7.667713165283203,87.0
school_sky_cc67aff1b280,diagnostic,0.18191324174404144,0.464465856552124,0.0,4.350856304168701,0.19377675652503967,0.4003531038761139,0.0,4.917813777923584,0.24218788743019104,0.5227813124656677,0.0,5.230517864227295,0.2509062886238098,0.5447733402252197,0.0,6.052928447723389,86.0
school_sky_2db29e30a487,diagnostic,0.21153968572616577,0.4440419673919678,0.0,4.072872638702393,0.1940404325723648,0.3797568678855896,0.0,3.6642398834228516,0.2582339644432068,0.480887234210968,0.0,4.217216968536377,0.14437063038349152,0.33329224586486816,0.0,3.4542388916015625,86.0
school_sky_c7156194b845,diagnostic,0.30807870626449585,0.5809224843978882,0.0,6.565128326416016,0.2467421293258667,0.5177191495895386,0.0,5.864042282104492,0.259108304977417,0.5077505707740784,0.0,5.967519760131836,0.2577037513256073,0.478362113237381,0.0,3.808807611465454,84.0
school_sky_24523922c942,diagnostic,0.29058173298835754,0.5436493158340454,0.0,5.727379322052002,0.22749033570289612,0.45148617029190063,0.0,5.01052713394165,0.17560207843780518,0.41349902749061584,0.0,3.5993340015411377,0.2705466151237488,0.48123687505722046,0.0,4.17486572265625,84.0
school_sky_255c74786474,diagnostic,0.2587418556213379,0.5189257860183716,0.0,5.3884100914001465,0.24832001328468323,0.5293830633163452,0.0,6.014834403991699,0.23539957404136658,0.49736595153808594,0.0,5.1290388107299805,0.3006543219089508,0.5941616296768188,0.0,6.3090715408325195,85.0
school_sky_6cb1fb8c25f6,diagnostic,0.23001506924629211,0.47097933292388916,0.0,4.590295314788818,0.19798244535923004,0.46983903646469116,0.0,4.4876179695129395,0.19805777072906494,0.4868398606777191,0.0,4.273603916168213,0.2899819016456604,0.5599446296691895,0.0,6.712601661682129,85.0
school_sky_55f6a0b6ce75,diagnostic,0.25185275077819824,0.5182644724845886,0.0,6.337846755981445,0.2532657980918884,0.48858001828193665,0.0,5.266951560974121,0.2661839425563812,0.5381654500961304,0.0,5.217220783233643,0.2167847752571106,0.4849826693534851,0.0,4.939081192016602,85.0
school_sky_056a313c895e,diagnostic,0.1945233792066574,0.4534550607204437,0.0,4.665175437927246,0.3029767870903015,0.509510338306427,0.0,6.117456436157227,0.3304523825645447,0.6460639238357544,0.0,7.667713165283203,0.22490191459655762,0.4935340881347656,0.0,4.062681198120117,86.0
school_sky_f8b9034d569a,diagnostic,0.19377675652503967,0.4003531038761139,0.0,4.917813777923584,0.24218788743019104,0.5227813124656677,0.0,5.230517864227295,0.2509062886238098,0.5447733402252197,0.0,6.052928447723389,0.24163447320461273,0.45453310012817383,0.0,3.691915988922119,86.0
school_sky_0f474ec7bfcb,diagnostic,0.1940404325723648,0.3797568678855896,0.0,3.6642398834228516,0.2582339644432068,0.480887234210968,0.0,4.217216968536377,0.14437063038349152,0.33329224586486816,0.0,3.4542388916015625,0.21544039249420166,0.4588642418384552,0.0,3.9601633548736572,86.0
school_sky_a8b80faf1fbe,diagnostic,0.2621787190437317,0.4662467837333679,0.0,5.514293193817139,0.24453037977218628,0.49269095063209534,0.0,5.30120325088501,0.1800113320350647,0.38635191321372986,0.0,3.7762198448181152,0.29578089714050293,0.5798783898353577,0.0,6.958799839019775,85.0
school_sky_64791f84169e,diagnostic,0.20737001299858093,0.4984681308269501,0.0,4.38911771774292,0.1852552741765976,0.45273587107658386,0.0,4.7830023765563965,0.27146822214126587,0.5228090286254883,0.0,5.297426223754883,0.2576970160007477,0.4993914067745209,0.0,5.120723247528076,85.0
school_sky_6ba567d24128,diagnostic,0.22749033570289612,0.45148617029190063,0.0,5.01052713394165,0.17560207843780518,0.41349902749061584,0.0,3.5993340015411377,0.2705466151237488,0.48123687505722046,0.0,4.17486572265625,0.26714086532592773,0.5066680908203125,0.0,6.225646018981934,86.0
school_sky_bdb162430085,diagnostic,0.19798244535923004,0.46983903646469116,0.0,4.4876179695129395,0.19805777072906494,0.4868398606777191,0.0,4.273603916168213,0.2899819016456604,0.5599446296691895,0.0,6.712601661682129,0.38585689663887024,0.5743486881256104,0.0,5.8135175704956055,85.0
school_sky_35fff18e918f,diagnostic,0.2532657980918884,0.48858001828193665,0.0,5.266951560974121,0.2661839425563812,0.5381654500961304,0.0,5.217220783233643,0.2167847752571106,0.4849826693534851,0.0,4.939081192016602,0.36603811383247375,0.5729390978813171,0.0,5.830132961273193,85.0
school_sky_0acfc1fffc97,diagnostic,0.24218788743019104,0.5227813124656677,0.0,5.230517864227295,0.2509062886238098,0.5447733402252197,0.0,6.052928447723389,0.24163447320461273,0.45453310012817383,0.0,3.691915988922119,0.3305673599243164,0.5222581028938293,0.0,4.830042362213135,86.0
school_sky_efae73c311a8,diagnostic,0.2582339644432068,0.480887234210968,0.0,4.217216968536377,0.14437063038349152,0.33329224586486816,0.0,3.4542388916015625,0.21544039249420166,0.4588642418384552,0.0,3.9601633548736572,0.3208264112472534,0.6302979588508606,0.0,6.449254512786865,86.0
school_sky_58dc9195944d,diagnostic,0.24453037977218628,0.49269095063209534,0.0,5.30120325088501,0.1800113320350647,0.38635191321372986,0.0,3.7762198448181152,0.29578089714050293,0.5798783898353577,0.0,6.958799839019775,0.2998889088630676,0.5194761753082275,0.0,4.664217948913574,85.0
school_sky_0f953cf3095b,diagnostic,0.1852552741765976,0.45273587107658386,0.0,4.7830023765563965,0.27146822214126587,0.5228090286254883,0.0,5.297426223754883,0.2576970160007477,0.4993914067745209,0.0,5.120723247528076,0.294225811958313,0.6129530072212219,0.0,6.693071365356445,86.0
school_sky_fdc415cdab76,diagnostic,0.19805777072906494,0.4868398606777191,0.0,4.273603916168213,0.2899819016456604,0.5599446296691895,0.0,6.712601661682129,0.38585689663887024,0.5743486881256104,0.0,5.8135175704956055,0.23441559076309204,0.4854668080806732,0.0,5.165027618408203,85.0
school_sky_ab4ea36d8ff9,diagnostic,0.2661839425563812,0.5381654500961304,0.0,5.217220783233643,0.2167847752571106,0.4849826693534851,0.0,4.939081192016602,0.36603811383247375,0.5729390978813171,0.0,5.830132961273193,0.244698166847229,0.5131278038024902,0.0,5.362342357635498,87.0
school_sky_54c4208ab4dc,diagnostic,0.31319230794906616,0.5499180555343628,0.0,4.696288108825684,0.2678111791610718,0.5255544185638428,0.0,5.743013381958008,0.2975928783416748,0.5526803731918335,0.0,5.624797344207764,0.21205967664718628,0.5054658055305481,0.0,5.289156436920166,87.0
school_sky_50e87e1bf13e,diagnostic,0.2509062886238098,0.5447733402252197,0.0,6.052928447723389,0.24163447320461273,0.45453310012817383,0.0,3.691915988922119,0.3305673599243164,0.5222581028938293,0.0,4.830042362213135,0.23627690970897675,0.5126105546951294,0.0,5.283898830413818,87.0
school_sky_616ecc486e87,diagnostic,0.1800113320350647,0.38635191321372986,0.0,3.7762198448181152,0.29578089714050293,0.5798783898353577,0.0,6.958799839019775,0.2998889088630676,0.5194761753082275,0.0,4.664217948913574,0.29423844814300537,0.5602313876152039,0.0,5.473671913146973,87.0
school_sky_7b18e61b0833,diagnostic,0.27146822214126587,0.5228090286254883,0.0,5.297426223754883,0.2576970160007477,0.4993914067745209,0.0,5.120723247528076,0.294225811958313,0.6129530072212219,0.0,6.693071365356445,0.20469844341278076,0.517744779586792,0.0,5.579918384552002,85.0
school_sky_931ba49e2ee8,diagnostic,0.3006543219089508,0.5941616296768188,0.0,6.3090715408325195,0.3088803291320801,0.48431405425071716,0.0,4.622304916381836,0.2401081770658493,0.514825165271759,0.0,5.2298583984375,0.20236359536647797,0.5223838686943054,0.0,5.555078983306885,86.0
school_sky_6fac246e02c4,diagnostic,0.2167847752571106,0.4849826693534851,0.0,4.939081192016602,0.36603811383247375,0.5729390978813171,0.0,5.830132961273193,0.244698166847229,0.5131278038024902,0.0,5.362342357635498,0.2029893398284912,0.5294622778892517,0.0,5.619880199432373,86.0
school_sky_2d79ae1876ea,diagnostic,0.24163447320461273,0.45453310012817383,0.0,3.691915988922119,0.3305673599243164,0.5222581028938293,0.0,4.830042362213135,0.23627690970897675,0.5126105546951294,0.0,5.283898830413818,0.187925785779953,0.5217739939689636,0.0,5.215060234069824,86.0
school_sky_6fc2e8de7055,diagnostic,0.29578089714050293,0.5798783898353577,0.0,6.958799839019775,0.2998889088630676,0.5194761753082275,0.0,4.664217948913574,0.29423844814300537,0.5602313876152039,0.0,5.473671913146973,0.19041289389133453,0.5506761074066162,0.0,5.4669318199157715,82.0
school_sky_1eec95bc8594,diagnostic,0.26714086532592773,0.5066680908203125,0.0,6.225646018981934,0.23618502914905548,0.5054206848144531,0.0,5.024421215057373,0.20377427339553833,0.5279428362846375,0.0,5.712770938873291,0.20667815208435059,0.5193445682525635,0.0,5.2028350830078125,86.0
school_sky_e21cd8a20996,diagnostic,0.30365195870399475,0.599922239780426,0.0,5.124014377593994,0.22442680597305298,0.509158194065094,0.0,5.270267486572266,0.21130943298339844,0.47206488251686096,0.0,4.959929466247559,0.2334533929824829,0.5632372498512268,0.0,5.735388278961182,85.0
school_sky_766076ffde5e,diagnostic,0.3305673599243164,0.5222581028938293,0.0,4.830042362213135,0.23627690970897675,0.5126105546951294,0.0,5.283898830413818,0.187925785779953,0.5217739939689636,0.0,5.215060234069824,0.21264015138149261,0.5665927529335022,0.0,5.660504341125488,89.0
school_sky_3afd091e689d,diagnostic,0.2998889088630676,0.5194761753082275,0.0,4.664217948913574,0.29423844814300537,0.5602313876152039,0.0,5.473671913146973,0.19041289389133453,0.5506761074066162,0.0,5.4669318199157715,0.2119210660457611,0.4703001081943512,0.0,4.659201145172119,91.0
school_sky_a77a8e2bfeb0,diagnostic,0.23618502914905548,0.5054206848144531,0.0,5.024421215057373,0.20377427339553833,0.5279428362846375,0.0,5.712770938873291,0.20667815208435059,0.5193445682525635,0.0,5.2028350830078125,0.24011115729808807,0.5294394493103027,0.0,4.594749450683594,93.0
school_sky_bd36af838d04,diagnostic,0.21205967664718628,0.5054658055305481,0.0,5.289156436920166,0.21214818954467773,0.4939088523387909,0.0,5.175482273101807,0.306097149848938,0.5706012845039368,0.0,5.893849849700928,0.2357902228832245,0.5179603695869446,0.0,4.635152816772461,93.0
school_sky_a28b286454dc,diagnostic,0.29423844814300537,0.5602313876152039,0.0,5.473671913146973,0.19041289389133453,0.5506761074066162,0.0,5.4669318199157715,0.2119210660457611,0.4703001081943512,0.0,4.659201145172119,0.14879310131072998,0.5148082375526428,0.0,5.783736228942871,95.0
school_sky_95d4e095bcd0,diagnostic,0.20469844341278076,0.517744779586792,0.0,5.579918384552002,0.20780590176582336,0.5366910696029663,0.0,5.26332426071167,0.26486828923225403,0.5485413074493408,0.0,4.580761432647705,0.15153774619102478,0.5150743722915649,0.0,6.129504680633545,95.0
school_sky_0910546797f5,diagnostic,0.20377427339553833,0.5279428362846375,0.0,5.712770938873291,0.20667815208435059,0.5193445682525635,0.0,5.2028350830078125,0.24011115729808807,0.5294394493103027,0.0,4.594749450683594,0.1553066521883011,0.5287739634513855,0.0,6.297042369842529,94.0
school_sky_4d2060270a4d,diagnostic,0.20838052034378052,0.5362733602523804,0.0,5.85888147354126,0.19906175136566162,0.5402056574821472,0.0,5.667586803436279,0.27484506368637085,0.4905543327331543,0.0,3.7794995307922363,0.1496645212173462,0.5188555121421814,0.0,6.0332489013671875,95.0
school_sky_3e1783838475,diagnostic,0.2029893398284912,0.5294622778892517,0.0,5.619880199432373,0.19678883254528046,0.5505778193473816,0.0,5.527246475219727,0.2678801417350769,0.5661280751228333,0.0,4.126491069793701,0.1521228700876236,0.5174009203910828,0.0,5.869039535522461,95.0
school_sky_c1f5a85c39e2,diagnostic,0.1914180964231491,0.5408944487571716,0.0,5.400284767150879,0.2547051012516022,0.5355277061462402,0.0,5.692383766174316,0.15173068642616272,0.5148519277572632,0.0,5.678759574890137,0.1530236005783081,0.5177274346351624,0.0,6.000859260559082,95.0
school_sky_e38c51aab20b,diagnostic,0.19041289389133453,0.5506761074066162,0.0,5.4669318199157715,0.2119210660457611,0.4703001081943512,0.0,4.659201145172119,0.14879310131072998,0.5148082375526428,0.0,5.783736228942871,0.14926394820213318,0.5198287963867188,0.0,6.075998783111572,95.0
school_sky_5b0da97938a2,diagnostic,0.20667815208435059,0.5193445682525635,0.0,5.2028350830078125,0.24011115729808807,0.5294394493103027,0.0,4.594749450683594,0.1553066521883011,0.5287739634513855,0.0,6.297042369842529,0.15133847296237946,0.5165189504623413,0.0,5.968358516693115,96.0
school_sky_72c2b0868b78,diagnostic,0.19678883254528046,0.5505778193473816,0.0,5.527246475219727,0.2678801417350769,0.5661280751228333,0.0,4.126491069793701,0.1521228700876236,0.5174009203910828,0.0,5.869039535522461,0.16964909434318542,0.5273551344871521,0.0,6.373035430908203,96.0
school_sky_29a42a96ee43,diagnostic,0.306097149848938,0.5706012845039368,0.0,5.893849849700928,0.2357902228832245,0.5179603695869446,0.0,4.635152816772461,0.15619972348213196,0.5249648690223694,0.0,6.224355220794678,0.15914541482925415,0.5141157507896423,0.0,6.346362113952637,96.0
school_sky_e57c28e02798,diagnostic,0.2334533929824829,0.5632372498512268,0.0,5.735388278961182,0.15954703092575073,0.4657738506793976,0.0,5.065545558929443,0.15742719173431396,0.5244901180267334,0.0,6.029101371765137,0.1538407951593399,0.5117724537849426,0.0,5.951653003692627,95.0
school_sky_e89d538ec559,diagnostic,0.2547051012516022,0.5355277061462402,0.0,5.692383766174316,0.15173068642616272,0.5148519277572632,0.0,5.678759574890137,0.1530236005783081,0.5177274346351624,0.0,6.000859260559082,0.17067855596542358,0.49440810084342957,0.0,6.691533088684082,97.0
school_sky_28ff429fbce4,diagnostic,0.2119210660457611,0.4703001081943512,0.0,4.659201145172119,0.14879310131072998,0.5148082375526428,0.0,5.783736228942871,0.14926394820213318,0.5198287963867188,0.0,6.075998783111572,0.16221962869167328,0.4978845715522766,0.0,6.7063422203063965,96.0
school_sky_d2bd9955df8e,diagnostic,0.20644152164459229,0.5414074063301086,0.0,5.409204959869385,0.1500910520553589,0.5198461413383484,0.0,6.083807468414307,0.15169179439544678,0.5185767412185669,0.0,6.001428604125977,0.154459148645401,0.5147408843040466,0.0,5.943051815032959,97.0
school_sky_0d3117cad94c,diagnostic,0.205511212348938,0.48322099447250366,0.0,4.460984230041504,0.15235653519630432,0.512916624546051,0.0,5.890183448791504,0.15616826713085175,0.5188546776771545,0.0,5.928770542144775,0.1513674557209015,0.5109955072402954,0.0,5.835056781768799,97.0
school_sky_04194eb01b8d,diagnostic,0.2678801417350769,0.5661280751228333,0.0,4.126491069793701,0.1521228700876236,0.5174009203910828,0.0,5.869039535522461,0.16964909434318542,0.5273551344871521,0.0,6.373035430908203,0.15443941950798035,0.5074600577354431,0.0,6.051650524139404,97.0
school_sky_9147d97ddeba,diagnostic,0.15954703092575073,0.4657738506793976,0.0,5.065545558929443,0.15742719173431396,0.5244901180267334,0.0,6.029101371765137,0.1538407951593399,0.5117724537849426,0.0,5.951653003692627,0.1534598171710968,0.5176151990890503,0.0,5.897270202636719,97.0
school_sky_12acd23ca423,diagnostic,0.15004569292068481,0.5079735517501831,0.0,6.085573196411133,0.15165415406227112,0.5152115821838379,0.0,6.0148773193359375,0.15744814276695251,0.5104587078094482,0.0,6.182771682739258,0.148665189743042,0.5100334286689758,0.0,5.933180809020996,98.0
school_sky_b4dcac19c976,diagnostic,0.15173068642616272,0.5148519277572632,0.0,5.678759574890137,0.1530236005783081,0.5177274346351624,0.0,6.000859260559082,0.17067855596542358,0.49440810084342957,0.0,6.691533088684082,0.15093472599983215,0.5128428339958191,0.0,5.912626266479492,98.0
school_sky_8d8efb7c0f83,diagnostic,0.14879310131072998,0.5148082375526428,0.0,5.783736228942871,0.14926394820213318,0.5198287963867188,0.0,6.075998783111572,0.16221962869167328,0.4978845715522766,0.0,6.7063422203063965,0.1509818434715271,0.5277498364448547,0.0,5.974435329437256,98.0
school_sky_b413fb47efc8,diagnostic,0.1500910520553589,0.5198461413383484,0.0,6.083807468414307,0.15169179439544678,0.5185767412185669,0.0,6.001428604125977,0.154459148645401,0.5147408843040466,0.0,5.943051815032959,0.1540239006280899,0.5213481187820435,0.0,5.989593982696533,97.0
school_sky_3db53d08edbd,diagnostic,0.15235653519630432,0.512916624546051,0.0,5.890183448791504,0.15616826713085175,0.5188546776771545,0.0,5.928770542144775,0.1513674557209015,0.5109955072402954,0.0,5.835056781768799,0.1551998257637024,0.5247400403022766,0.0,5.873220920562744,97.0
school_sky_d30ef5c41e83,diagnostic,0.1521228700876236,0.5174009203910828,0.0,5.869039535522461,0.16964909434318542,0.5273551344871521,0.0,6.373035430908203,0.15443941950798035,0.5074600577354431,0.0,6.051650524139404,0.15094558894634247,0.5191810131072998,0.0,5.900547504425049,97.0
school_sky_e13f87c44a6c,diagnostic,0.15165415406227112,0.5152115821838379,0.0,6.0148773193359375,0.15744814276695251,0.5104587078094482,0.0,6.182771682739258,0.148665189743042,0.5100334286689758,0.0,5.933180809020996,0.15079379081726074,0.5106698274612427,0.0,5.8004150390625,97.0
school_sky_368314c2af30,diagnostic,0.14926394820213318,0.5198287963867188,0.0,6.075998783111572,0.16221962869167328,0.4978845715522766,0.0,6.7063422203063965,0.1509818434715271,0.5277498364448547,0.0,5.974435329437256,0.15188869833946228,0.52326899766922,0.0,6.00276517868042,98.0
school_sky_3f0c7f374c40,diagnostic,0.15169179439544678,0.5185767412185669,0.0,6.001428604125977,0.154459148645401,0.5147408843040466,0.0,5.943051815032959,0.1540239006280899,0.5213481187820435,0.0,5.989593982696533,0.1539032757282257,0.5246184468269348,0.0,5.925073623657227,98.0
school_sky_14871297b40c,diagnostic,0.15108159184455872,0.5236251354217529,0.0,6.123019218444824,0.15262539684772491,0.5187625885009766,0.0,6.0380635261535645,0.15345498919487,0.5193690657615662,0.0,5.9693098068237305,0.15330514311790466,0.5112733840942383,0.0,5.851907253265381,98.0
school_sky_0e8b9617b050,diagnostic,0.16964909434318542,0.5273551344871521,0.0,6.373035430908203,0.15443941950798035,0.5074600577354431,0.0,6.051650524139404,0.15094558894634247,0.5191810131072998,0.0,5.900547504425049,0.15218788385391235,0.5163248777389526,0.0,5.917814254760742,97.0
school_sky_54dcd0c5434b,diagnostic,0.15914541482925415,0.5141157507896423,0.0,6.346362113952637,0.1494833528995514,0.5168405175209045,0.0,5.9180073738098145,0.1509363353252411,0.5203113555908203,0.0,5.922341823577881,0.15180432796478271,0.5229588747024536,0.0,5.938491344451904,98.0
school_sky_739b59c70c1b,diagnostic,0.15744814276695251,0.5104587078094482,0.0,6.182771682739258,0.148665189743042,0.5100334286689758,0.0,5.933180809020996,0.15079379081726074,0.5106698274612427,0.0,5.8004150390625,0.1606244593858719,0.523785412311554,0.0,5.972473621368408,98.0
school_sky_437ff0bad411,diagnostic,0.16221962869167328,0.4978845715522766,0.0,6.7063422203063965,0.1509818434715271,0.5277498364448547,0.0,5.974435329437256,0.15188869833946228,0.52326899766922,0.0,6.00276517868042,0.15140248835086823,0.5283855199813843,0.0,5.997771263122559,98.0
school_sky_1bf368f908f0,diagnostic,0.154459148645401,0.5147408843040466,0.0,5.943051815032959,0.1540239006280899,0.5213481187820435,0.0,5.989593982696533,0.1539032757282257,0.5246184468269348,0.0,5.925073623657227,0.16043677926063538,0.5225470662117004,0.0,5.938595294952393,98.0
school_sky_187e548d94c4,diagnostic,0.15262539684772491,0.5187625885009766,0.0,6.0380635261535645,0.15345498919487,0.5193690657615662,0.0,5.9693098068237305,0.15330514311790466,0.5112733840942383,0.0,5.851907253265381,0.15583917498588562,0.5262959599494934,0.0,6.045698165893555,98.0
school_sky_4ae3efcbda7e,diagnostic,0.1494833528995514,0.5168405175209045,0.0,5.9180073738098145,0.1509363353252411,0.5203113555908203,0.0,5.922341823577881,0.15180432796478271,0.5229588747024536,0.0,5.938491344451904,0.1528879702091217,0.5194074511528015,0.0,5.972441673278809,98.0
school_sky_640412217e71,diagnostic,0.148665189743042,0.5100334286689758,0.0,5.933180809020996,0.15079379081726074,0.5106698274612427,0.0,5.8004150390625,0.1606244593858719,0.523785412311554,0.0,5.972473621368408,0.14963823556900024,0.5187923312187195,0.0,5.912647247314453,98.0
school_sky_15a2f9f6c9e5,diagnostic,0.15345498919487,0.5193690657615662,0.0,5.9693098068237305,0.15330514311790466,0.5112733840942383,0.0,5.851907253265381,0.15583917498588562,0.5262959599494934,0.0,6.045698165893555,0.15302233397960663,0.5209404230117798,0.0,5.936017036437988,98.0
school_sky_3c35b5831055,diagnostic,0.1540631651878357,0.5298694372177124,0.0,5.992799758911133,0.1502653956413269,0.5164730548858643,0.0,5.9019975662231445,0.1553608626127243,0.517268717288971,0.0,6.098572731018066,0.14812643826007843,0.5097183585166931,0.0,5.907908916473389,98.0
school_sky_1e70e846971e,diagnostic,0.1551998257637024,0.5247400403022766,0.0,5.873220920562744,0.15208974480628967,0.5184333324432373,0.0,5.903481483459473,0.15065297484397888,0.5175685882568359,0.0,5.785939693450928,0.15042927861213684,0.5151456594467163,0.0,5.853288173675537,98.0
school_sky_801de2a400b0,diagnostic,0.1507657766342163,0.5166457891464233,0.0,5.9317216873168945,0.15217265486717224,0.5146969556808472,0.0,5.919300079345703,0.1555434912443161,0.5203163027763367,0.0,5.976990699768066,0.18635275959968567,0.5175164937973022,0.0,5.839663028717041,98.0
school_sky_fabf4a607692,diagnostic,0.1509363353252411,0.5203113555908203,0.0,5.922341823577881,0.15180432796478271,0.5229588747024536,0.0,5.938491344451904,0.1528879702091217,0.5194074511528015,0.0,5.972441673278809,0.1568690687417984,0.5201706886291504,0.0,6.175259113311768,98.0
school_sky_b75991674bc2,diagnostic,0.15159739553928375,0.5192155241966248,0.0,5.973254203796387,0.1554795205593109,0.5299937129020691,0.0,6.117832660675049,0.14870068430900574,0.5138396620750427,0.0,5.803965091705322,0.15179699659347534,0.5202848315238953,0.0,5.970147609710693,98.0
school_sky_0343b0bf20a1,diagnostic,0.15079379081726074,0.5106698274612427,0.0,5.8004150390625,0.1606244593858719,0.523785412311554,0.0,5.972473621368408,0.14963823556900024,0.5187923312187195,0.0,5.912647247314453,0.14735178649425507,0.5129473805427551,0.0,5.943464279174805,98.0
school_sky_9192b076d51d,diagnostic,0.15330514311790466,0.5112733840942383,0.0,5.851907253265381,0.15583917498588562,0.5262959599494934,0.0,6.045698165893555,0.15302233397960663,0.5209404230117798,0.0,5.936017036437988,0.15304487943649292,0.5272290706634521,0.0,6.0291595458984375,98.0
school_sky_9b8413482bf0,diagnostic,0.15208974480628967,0.5184333324432373,0.0,5.903481483459473,0.15065297484397888,0.5175685882568359,0.0,5.785939693450928,0.15042927861213684,0.5151456594467163,0.0,5.853288173675537,0.14986154437065125,0.5227822065353394,0.0,5.9957170486450195,98.0
school_sky_917f3f71ed32,diagnostic,0.15217265486717224,0.5146969556808472,0.0,5.919300079345703,0.1555434912443161,0.5203163027763367,0.0,5.976990699768066,0.18635275959968567,0.5175164937973022,0.0,5.839663028717041,0.15478208661079407,0.5265110731124878,0.0,5.984678745269775,98.0
school_sky_0e92bff945b5,diagnostic,0.15218788385391235,0.5163248777389526,0.0,5.917814254760742,0.1494990438222885,0.5191828608512878,0.0,5.959035396575928,0.15436305105686188,0.5220386385917664,0.0,6.008035182952881,0.15108728408813477,0.5116215348243713,0.0,5.8278422355651855,98.0
school_sky_91ada79e503f,diagnostic,0.15180432796478271,0.5229588747024536,0.0,5.938491344451904,0.1528879702091217,0.5194074511528015,0.0,5.972441673278809,0.1568690687417984,0.5201706886291504,0.0,6.175259113311768,0.1526537835597992,0.5216209292411804,0.0,5.8801045417785645,98.0
school_sky_629de7b2d4a8,diagnostic,0.1554795205593109,0.5299937129020691,0.0,6.117832660675049,0.14870068430900574,0.5138396620750427,0.0,5.803965091705322,0.15179699659347534,0.5202848315238953,0.0,5.970147609710693,0.15231116116046906,0.526397168636322,0.0,6.063774108886719,98.0
school_sky_3c3f7b1c069f,diagnostic,0.1606244593858719,0.523785412311554,0.0,5.972473621368408,0.14963823556900024,0.5187923312187195,0.0,5.912647247314453,0.14735178649425507,0.5129473805427551,0.0,5.943464279174805,0.15313294529914856,0.5197813510894775,0.0,6.045797824859619,98.0
school_sky_6394a591bb66,diagnostic,0.15140248835086823,0.5283855199813843,0.0,5.997771263122559,0.15355826914310455,0.5246657133102417,0.0,6.059405326843262,0.15036353468894958,0.5119200944900513,0.0,5.8573408126831055,0.15127786993980408,0.5202775001525879,0.0,5.969636917114258,98.0
school_sky_67e8124efe9d,diagnostic,0.16043677926063538,0.5225470662117004,0.0,5.938595294952393,0.15118852257728577,0.5242389440536499,0.0,5.898954391479492,0.15126043558120728,0.5199107527732849,0.0,5.919485569000244,0.15022361278533936,0.5228651165962219,0.0,5.993170738220215,98.0
school_sky_bfe36212e0fb,diagnostic,0.15065297484397888,0.5175685882568359,0.0,5.785939693450928,0.15042927861213684,0.5151456594467163,0.0,5.853288173675537,0.14986154437065125,0.5227822065353394,0.0,5.9957170486450195,0.15382006764411926,0.5250786542892456,0.0,5.930126667022705,98.0
school_sky_e9139f958996,diagnostic,0.1555434912443161,0.5203163027763367,0.0,5.976990699768066,0.18635275959968567,0.5175164937973022,0.0,5.839663028717041,0.15478208661079407,0.5265110731124878,0.0,5.984678745269775,0.15525956451892853,0.5268383026123047,0.0,5.900913715362549,98.0
school_sky_701c34f3c1d3,diagnostic,0.1528879702091217,0.5194074511528015,0.0,5.972441673278809,0.1568690687417984,0.5201706886291504,0.0,6.175259113311768,0.1526537835597992,0.5216209292411804,0.0,5.8801045417785645,0.15525266528129578,0.5219212770462036,0.0,6.003570556640625,98.0
school_sky_934641697b0b,diagnostic,0.14870068430900574,0.5138396620750427,0.0,5.803965091705322,0.15179699659347534,0.5202848315238953,0.0,5.970147609710693,0.15231116116046906,0.526397168636322,0.0,6.063774108886719,0.1537882387638092,0.5184078216552734,0.0,5.788273811340332,98.0
school_sky_79750f3f94e3,diagnostic,0.14963823556900024,0.5187923312187195,0.0,5.912647247314453,0.14735178649425507,0.5129473805427551,0.0,5.943464279174805,0.15313294529914856,0.5197813510894775,0.0,6.045797824859619,0.15048429369926453,0.521966814994812,0.0,6.0414347648620605,98.0
school_sky_9f461b995ff5,diagnostic,0.15355826914310455,0.5246657133102417,0.0,6.059405326843262,0.15036353468894958,0.5119200944900513,0.0,5.8573408126831055,0.15127786993980408,0.5202775001525879,0.0,5.969636917114258,0.15058033168315887,0.5166547298431396,0.0,5.835343360900879,98.0
school_sky_e5fa9fec6322,diagnostic,0.14812643826007843,0.5097183585166931,0.0,5.907908916473389,0.1504693478345871,0.5216331481933594,0.0,6.033204078674316,0.15177057683467865,0.5217449069023132,0.0,5.947195529937744,0.15358518064022064,0.5112837553024292,0.0,5.794869422912598,98.0
school_sky_4205147c01d4,diagnostic,0.15042927861213684,0.5151456594467163,0.0,5.853288173675537,0.14986154437065125,0.5227822065353394,0.0,5.9957170486450195,0.15382006764411926,0.5250786542892456,0.0,5.930126667022705,0.14321662485599518,0.48670241236686707,0.0,5.546315670013428,99.0
school_sky_ba05d09f7a46,diagnostic,0.18635275959968567,0.5175164937973022,0.0,5.839663028717041,0.15478208661079407,0.5265110731124878,0.0,5.984678745269775,0.15525956451892853,0.5268383026123047,0.0,5.900913715362549,0.3425198793411255,0.6213533282279968,0.0,5.201089382171631,98.0
school_sky_1c385758350e,diagnostic,0.15179699659347534,0.5202848315238953,0.0,5.970147609710693,0.15231116116046906,0.526397168636322,0.0,6.063774108886719,0.1537882387638092,0.5184078216552734,0.0,5.788273811340332,0.4392884373664856,0.6701040267944336,0.0,4.8264875411987305,99.0
school_sky_f33753e31790,diagnostic,0.14735178649425507,0.5129473805427551,0.0,5.943464279174805,0.15313294529914856,0.5197813510894775,0.0,6.045797824859619,0.15048429369926453,0.521966814994812,0.0,6.0414347648620605,0.4384889304637909,0.7110490202903748,0.0,5.2275824546813965,98.0
school_sky_8c4864696bbf,diagnostic,0.15273526310920715,0.5177977681159973,0.0,5.8889923095703125,0.15098220109939575,0.5133447647094727,0.0,5.891108989715576,0.15130510926246643,0.5258052349090576,0.0,5.9746856689453125,0.4115205407142639,0.6840382814407349,0.0,5.949473857879639,99.0
school_sky_1d440a002a26,diagnostic,0.15036353468894958,0.5119200944900513,0.0,5.8573408126831055,0.15127786993980408,0.5202775001525879,0.0,5.969636917114258,0.15058033168315887,0.5166547298431396,0.0,5.835343360900879,0.38396307826042175,0.6435219049453735,0.0,5.112112522125244,98.0
school_sky_e6d9fdd222c7,diagnostic,0.15304487943649292,0.5272290706634521,0.0,6.0291595458984375,0.15069852769374847,0.518375813961029,0.0,5.899899959564209,0.15717214345932007,0.5359681844711304,0.0,6.101524829864502,0.3900603652000427,0.6753370761871338,0.0,5.902792453765869,98.0
school_sky_861b15310f36,diagnostic,0.1504693478345871,0.5216331481933594,0.0,6.033204078674316,0.15177057683467865,0.5217449069023132,0.0,5.947195529937744,0.15358518064022064,0.5112837553024292,0.0,5.794869422912598,0.39943966269493103,0.5900830030441284,0.0,3.8839354515075684,98.0
school_sky_587915092722,diagnostic,0.14986154437065125,0.5227822065353394,0.0,5.9957170486450195,0.15382006764411926,0.5250786542892456,0.0,5.930126667022705,0.14321662485599518,0.48670241236686707,0.0,5.546315670013428,0.3538416028022766,0.535844624042511,0.0,3.5556671619415283,98.0
school_sky_d60377616d4f,diagnostic,0.15478208661079407,0.5265110731124878,0.0,5.984678745269775,0.15525956451892853,0.5268383026123047,0.0,5.900913715362549,0.3425198793411255,0.6213533282279968,0.0,5.201089382171631,0.3549972474575043,0.5747848749160767,0.0,4.482567310333252,98.0
school_sky_b90ae50c4673,diagnostic,0.15313294529914856,0.5197813510894775,0.0,6.045797824859619,0.15048429369926453,0.521966814994812,0.0,6.0414347648620605,0.4384889304637909,0.7110490202903748,0.0,5.2275824546813965,0.3199422359466553,0.5544803142547607,0.0,4.6407999992370605,98.0
school_sky_756b131ec01e,diagnostic,0.15098220109939575,0.5133447647094727,0.0,5.891108989715576,0.15130510926246643,0.5258052349090576,0.0,5.9746856689453125,0.4115205407142639,0.6840382814407349,0.0,5.949473857879639,0.3574869930744171,0.5186635255813599,0.0,3.6097662448883057,97.0
school_sky_182cb7951bf4,diagnostic,0.15127786993980408,0.5202775001525879,0.0,5.969636917114258,0.15058033168315887,0.5166547298431396,0.0,5.835343360900879,0.38396307826042175,0.6435219049453735,0.0,5.112112522125244,0.3107568919658661,0.5304967761039734,0.0,4.4028706550598145,97.0
school_sky_2c08da804adf,diagnostic,0.15069852769374847,0.518375813961029,0.0,5.899899959564209,0.15717214345932007,0.5359681844711304,0.0,6.101524829864502,0.3900603652000427,0.6753370761871338,0.0,5.902792453765869,0.3217390179634094,0.5383265614509583,0.0,4.178950786590576,97.0
school_sky_5b8ba7f8da9c,diagnostic,0.15177057683467865,0.5217449069023132,0.0,5.947195529937744,0.15358518064022064,0.5112837553024292,0.0,5.794869422912598,0.39943966269493103,0.5900830030441284,0.0,3.8839354515075684,0.30615556240081787,0.5182362198829651,0.0,4.131659030914307,97.0
school_sky_06298114e39f,diagnostic,0.15382006764411926,0.5250786542892456,0.0,5.930126667022705,0.14321662485599518,0.48670241236686707,0.0,5.546315670013428,0.3538416028022766,0.535844624042511,0.0,3.5556671619415283,0.33015966415405273,0.510140597820282,0.0,4.066683292388916,97.0
school_sky_4650bed46ade,diagnostic,0.15525956451892853,0.5268383026123047,0.0,5.900913715362549,0.3425198793411255,0.6213533282279968,0.0,5.201089382171631,0.3549972474575043,0.5747848749160767,0.0,4.482567310333252,0.3148667812347412,0.48196548223495483,0.0,4.265038967132568,96.0
school_sky_c5f5f5687452,diagnostic,0.15525266528129578,0.5219212770462036,0.0,6.003570556640625,0.3603103756904602,0.6068658232688904,0.0,4.244631767272949,0.3552003502845764,0.5529880523681641,0.0,3.8869099617004395,0.32082122564315796,0.49365103244781494,0.0,3.852182149887085,96.0
school_sky_e5c3da2ea187,diagnostic,0.15048429369926453,0.521966814994812,0.0,6.0414347648620605,0.4384889304637909,0.7110490202903748,0.0,5.2275824546813965,0.3199422359466553,0.5544803142547607,0.0,4.6407999992370605,0.29938948154449463,0.46593841910362244,0.0,4.160802841186523,96.0
school_sky_1c9db03a5a49,diagnostic,0.15717214345932007,0.5359681844711304,0.0,6.101524829864502,0.3900603652000427,0.6753370761871338,0.0,5.902792453765869,0.3217390179634094,0.5383265614509583,0.0,4.178950786590576,0.24969768524169922,0.4387197494506836,0.0,4.451716423034668,96.0
school_sky_8150c23c9491,diagnostic,0.14321662485599518,0.48670241236686707,0.0,5.546315670013428,0.3538416028022766,0.535844624042511,0.0,3.5556671619415283,0.33015966415405273,0.510140597820282,0.0,4.066683292388916,0.13504372537136078,0.45759785175323486,0.0,5.053797721862793,94.0
school_sky_7d38871b8303,diagnostic,0.3425198793411255,0.6213533282279968,0.0,5.201089382171631,0.3549972474575043,0.5747848749160767,0.0,4.482567310333252,0.3148667812347412,0.48196548223495483,0.0,4.265038967132568,0.14935904741287231,0.484689861536026,0.0,5.13206672668457,96.0
school_sky_7224bb6d0b8b,diagnostic,0.3603103756904602,0.6068658232688904,0.0,4.244631767272949,0.3552003502845764,0.5529880523681641,0.0,3.8869099617004395,0.32082122564315796,0.49365103244781494,0.0,3.852182149887085,0.1487862467765808,0.46652236580848694,0.0,5.210279941558838,94.0
school_sky_d713ab821954,diagnostic,0.4392884373664856,0.6701040267944336,0.0,4.8264875411987305,0.3320690989494324,0.5507832765579224,0.0,4.495870590209961,0.3179982900619507,0.47793757915496826,0.0,4.023777961730957,0.15743184089660645,0.5090938806533813,0.0,5.095518589019775,96.0
school_sky_a438db2aaf1e,diagnostic,0.4384889304637909,0.7110490202903748,0.0,5.2275824546813965,0.3199422359466553,0.5544803142547607,0.0,4.6407999992370605,0.29938948154449463,0.46593841910362244,0.0,4.160802841186523,0.15522217750549316,0.38607147336006165,0.0,3.83158278465271,89.0
school_sky_ff09764cc424,diagnostic,0.3915378153324127,0.6585544347763062,0.0,5.692190647125244,0.3213459849357605,0.536543607711792,0.0,4.636855602264404,0.19754332304000854,0.42205744981765747,0.0,4.651756286621094,0.19019699096679688,0.5313549637794495,0.0,5.2277607917785645,87.0
school_sky_8c6d44aa7a43,diagnostic,0.3538416028022766,0.535844624042511,0.0,3.5556671619415283,0.33015966415405273,0.510140597820282,0.0,4.066683292388916,0.13504372537136078,0.45759785175323486,0.0,5.053797721862793,0.22975684702396393,0.5267407298088074,0.0,4.808013916015625,96.0
school_sky_2fc754a3ee23,diagnostic,0.3549972474575043,0.5747848749160767,0.0,4.482567310333252,0.3148667812347412,0.48196548223495483,0.0,4.265038967132568,0.14935904741287231,0.484689861536026,0.0,5.13206672668457,0.2006022334098816,0.524250328540802,0.0,4.903016090393066,85.0
school_sky_365378ad2c56,diagnostic,0.3414632976055145,0.5424213409423828,0.0,4.009981632232666,0.3430030643939972,0.48985084891319275,0.0,3.638456344604492,0.14970828592777252,0.4705396890640259,0.0,5.1312761306762695,0.16224700212478638,0.47585031390190125,0.0,4.549728870391846,87.0
school_sky_791522511138,diagnostic,0.3552003502845764,0.5529880523681641,0.0,3.8869099617004395,0.32082122564315796,0.49365103244781494,0.0,3.852182149887085,0.1487862467765808,0.46652236580848694,0.0,5.210279941558838,0.19833704829216003,0.4854533076286316,0.0,5.0385236740112305,85.0
school_sky_6d3970e52751,diagnostic,0.3320690989494324,0.5507832765579224,0.0,4.495870590209961,0.3179982900619507,0.47793757915496826,0.0,4.023777961730957,0.15743184089660645,0.5090938806533813,0.0,5.095518589019775,0.2290373295545578,0.5215845704078674,0.0,5.5181050300598145,83.0
school_sky_512f40ec5516,diagnostic,0.3574869930744171,0.5186635255813599,0.0,3.6097662448883057,0.2775009274482727,0.4526655673980713,0.0,4.287418365478516,0.14762167632579803,0.4543083906173706,0.0,4.849870681762695,0.24054890871047974,0.49254515767097473,0.0,4.436415195465088,82.0
school_sky_466c513e2cea,diagnostic,0.3107568919658661,0.5304967761039734,0.0,4.4028706550598145,0.253240704536438,0.4630056321620941,0.0,4.700071811676025,0.16204258799552917,0.43873193860054016,0.0,4.240523815155029,0.2374781370162964,0.5124031901359558,0.0,5.1434526443481445,81.0
school_sky_9b7642c8f7c9,diagnostic,0.3213459849357605,0.536543607711792,0.0,4.636855602264404,0.19754332304000854,0.42205744981765747,0.0,4.651756286621094,0.19019699096679688,0.5313549637794495,0.0,5.2277607917785645,0.2292904257774353,0.5477558374404907,0.0,6.446990013122559,79.0
school_sky_8e1097264d37,diagnostic,0.32082122564315796,0.49365103244781494,0.0,3.852182149887085,0.1487862467765808,0.46652236580848694,0.0,5.210279941558838,0.19833704829216003,0.4854533076286316,0.0,5.0385236740112305,0.2128765732049942,0.37823137640953064,0.0,2.63552188873291,77.0
school_sky_8b6c44f594f9,diagnostic,0.3179982900619507,0.47793757915496826,0.0,4.023777961730957,0.15743184089660645,0.5090938806533813,0.0,5.095518589019775,0.2290373295545578,0.5215845704078674,0.0,5.5181050300598145,0.161790132522583,0.33489325642585754,0.0,2.8013856410980225,87.0
school_sky_1b0ccb296043,diagnostic,0.2775009274482727,0.4526655673980713,0.0,4.287418365478516,0.14762167632579803,0.4543083906173706,0.0,4.849870681762695,0.24054890871047974,0.49254515767097473,0.0,4.436415195465088,0.2599160671234131,0.5320382714271545,0.0,6.497300624847412,79.0
school_sky_9e7aca34b34b,diagnostic,0.253240704536438,0.4630056321620941,0.0,4.700071811676025,0.16204258799552917,0.43873193860054016,0.0,4.240523815155029,0.2374781370162964,0.5124031901359558,0.0,5.1434526443481445,0.3226028382778168,0.6168810129165649,0.0,7.058262348175049,78.0
school_sky_404364165bee,diagnostic,0.19754332304000854,0.42205744981765747,0.0,4.651756286621094,0.19019699096679688,0.5313549637794495,0.0,5.2277607917785645,0.2292904257774353,0.5477558374404907,0.0,6.446990013122559,0.2885655462741852,0.5673567056655884,0.0,5.89387321472168,78.0
school_sky_0212c8317ef4,diagnostic,0.24969768524169922,0.4387197494506836,0.0,4.451716423034668,0.16803854703903198,0.4650081992149353,0.0,4.931357383728027,0.23356784880161285,0.5099918842315674,0.0,5.267488479614258,0.3121498227119446,0.63335120677948,0.0,6.778428554534912,76.0
school_sky_0a19241bcd9d,diagnostic,0.1487862467765808,0.46652236580848694,0.0,5.210279941558838,0.19833704829216003,0.4854533076286316,0.0,5.0385236740112305,0.2128765732049942,0.37823137640953064,0.0,2.63552188873291,0.23395632207393646,0.4827110767364502,0.0,4.504085540771484,70.0
school_sky_c215fe89cd30,diagnostic,0.15743184089660645,0.5090938806533813,0.0,5.095518589019775,0.2290373295545578,0.5215845704078674,0.0,5.5181050300598145,0.161790132522583,0.33489325642585754,0.0,2.8013856410980225,0.24439704418182373,0.5241998434066772,0.0,4.6520514488220215,70.0
school_sky_6daaf52fbc42,diagnostic,0.15522217750549316,0.38607147336006165,0.0,3.83158278465271,0.21976053714752197,0.5239017605781555,0.0,5.171022415161133,0.2450011968612671,0.5353742837905884,0.0,5.90838098526001,0.30263552069664,0.5870829820632935,0.0,6.923936367034912,70.0
school_sky_2447bbea1e95,diagnostic,0.17195795476436615,0.453757643699646,0.0,4.410186767578125,0.24711275100708008,0.5331376194953918,0.0,5.5482635498046875,0.2877041697502136,0.5875481367111206,0.0,6.4173688888549805,0.3253231346607208,0.6486201882362366,0.0,7.45928955078125,70.0
school_sky_e2443cdec3d9,diagnostic,0.16204258799552917,0.43873193860054016,0.0,4.240523815155029,0.2374781370162964,0.5124031901359558,0.0,5.1434526443481445,0.3226028382778168,0.6168810129165649,0.0,7.058262348175049,0.43909698724746704,0.5504682660102844,0.0,5.327714443206787,71.0
school_sky_68f48d22774b,diagnostic,0.19019699096679688,0.5313549637794495,0.0,5.2277607917785645,0.2292904257774353,0.5477558374404907,0.0,6.446990013122559,0.2885655462741852,0.5673567056655884,0.0,5.89387321472168,0.4180529713630676,0.5665138363838196,0.0,6.034585475921631,71.0
school_sky_eb8c730f44bf,diagnostic,0.22975684702396393,0.5267407298088074,0.0,4.808013916015625,0.27091068029403687,0.5564057230949402,0.0,5.816946029663086,0.30348488688468933,0.6047400236129761,0.0,6.471812725067139,0.26339149475097656,0.49102798104286194,0.0,4.793315410614014,71.0
school_sky_b2e19d7437ce,diagnostic,0.19833704829216003,0.4854533076286316,0.0,5.0385236740112305,0.2128765732049942,0.37823137640953064,0.0,2.63552188873291,0.23395632207393646,0.4827110767364502,0.0,4.504085540771484,0.3004343509674072,0.38328078389167786,0.0,3.0015416145324707,70.0
school_sky_09e600aa9461,diagnostic,0.21976053714752197,0.5239017605781555,0.0,5.171022415161133,0.2450011968612671,0.5353742837905884,0.0,5.90838098526001,0.30263552069664,0.5870829820632935,0.0,6.923936367034912,0.27096012234687805,0.49778351187705994,0.0,5.398470878601074,73.0
school_sky_5cc915f296a6,diagnostic,0.24711275100708008,0.5331376194953918,0.0,5.5482635498046875,0.2877041697502136,0.5875481367111206,0.0,6.4173688888549805,0.3253231346607208,0.6486201882362366,0.0,7.45928955078125,0.26572051644325256,0.525204598903656,0.0,4.695670127868652,71.0
school_sky_5cf73c415108,diagnostic,0.2374781370162964,0.5124031901359558,0.0,5.1434526443481445,0.3226028382778168,0.6168810129165649,0.0,7.058262348175049,0.43909698724746704,0.5504682660102844,0.0,5.327714443206787,0.31841006875038147,0.5406563878059387,0.0,6.164041042327881,72.0
school_sky_4cdc57941e33,diagnostic,0.2292904257774353,0.5477558374404907,0.0,6.446990013122559,0.2885655462741852,0.5673567056655884,0.0,5.89387321472168,0.4180529713630676,0.5665138363838196,0.0,6.034585475921631,0.27411583065986633,0.5537018179893494,0.0,5.900123119354248,72.0
school_sky_4c8a847e790d,diagnostic,0.2344951629638672,0.5357964634895325,0.0,5.359488010406494,0.2770875096321106,0.5708423256874084,0.0,6.223094463348389,0.2808251976966858,0.5918747186660767,0.0,7.163424491882324,0.16711759567260742,0.3609778881072998,0.0,3.3401525020599365,73.0
school_sky_115efdf50e31,diagnostic,0.27091068029403687,0.5564057230949402,0.0,5.816946029663086,0.30348488688468933,0.6047400236129761,0.0,6.471812725067139,0.26339149475097656,0.49102798104286194,0.0,4.793315410614014,0.20590180158615112,0.4281173646450043,0.0,3.3235385417938232,74.0
school_sky_cee6b81343e9,diagnostic,0.2450011968612671,0.5353742837905884,0.0,5.90838098526001,0.30263552069664,0.5870829820632935,0.0,6.923936367034912,0.27096012234687805,0.49778351187705994,0.0,5.398470878601074,0.22824186086654663,0.4598594307899475,0.0,3.848188877105713,74.0
